sym,day,entry_time,entry_px,exit_px,ret_opt_pct,points,reason,mode
ADANIPORTS,2026-06-30,2026-06-30 14:25:00+05:30,1814.9000244140625,1808.5999755859373,-0.30827754950829933,-6.3,trend,baseline
ADANIPORTS,2026-07-16,2026-07-16 10:45:00+05:30,1849.0999755859373,1849.0999755859373,-0.1,0.0,sl,baseline
ADANIPORTS,2026-07-20,2026-07-20 13:30:00+05:30,1852.300048828125,1847.4000244140625,-0.2587223760155665,-4.9,sl,baseline
ADANIPORTS,2026-07-31,2026-07-31 12:20:00+05:30,1686.800048828125,1691.407217843192,0.06387842832709589,4.61,tp,baseline
ADANIPORTS,2026-08-14,2026-08-14 13:20:00+05:30,1693.199951171875,1695.814200265067,-0.007361829603785776,2.61,tp,baseline
AMBUJACEM,2026-06-12,2026-06-12 13:50:00+05:30,417.0,418.3232182094029,0.09039110926660573,1.32,tp,baseline
AMBUJACEM,2026-06-23,2026-06-22 15:00:00+05:30,428.4500122070313,426.3999938964844,-0.38708389573666424,-2.05,sl,baseline
AMBUJACEM,2026-07-02,2026-07-02 10:50:00+05:30,430.25,427.7999877929688,-0.44166352683758653,-2.45,trend,baseline
AMBUJACEM,2026-07-03,2026-07-03 14:50:00+05:30,443.25,443.25,-0.1,0.0,sl,baseline
AMBUJACEM,2026-07-09,2026-07-09 12:40:00+05:30,428.0,428.0,-0.1,0.0,sl,baseline
AMBUJACEM,2026-07-10,2026-07-10 09:45:00+05:30,437.7000122070313,439.5964420863561,0.15996296455588538,1.9,tp,baseline
AMBUJACEM,2026-07-15,2026-07-15 10:50:00+05:30,438.4500122070313,438.4500122070313,-0.1,0.0,sl,baseline
AMBUJACEM,2026-07-20,2026-07-20 14:20:00+05:30,439.7000122070313,440.96965244838174,0.07325088097827356,1.27,tp,baseline
AMBUJACEM,2026-07-27,2026-07-27 09:35:00+05:30,432.0,429.6499938964844,-0.42638973659939233,-2.35,trend,baseline
AMBUJACEM,2026-07-29,2026-07-29 12:10:00+05:30,441.8500061035156,439.2000122070313,-0.45984979425757666,-2.65,trend,baseline
AMBUJACEM,2026-08-03,2026-08-03 11:45:00+05:30,443.5,443.0499877929688,-0.16088102011695962,-0.45,trend,baseline
AMBUJACEM,2026-08-13,2026-08-12 15:00:00+05:30,422.5,423.45356423514227,0.03541740617404971,0.95,tp,baseline
AMBUJACEM,2026-08-20,2026-08-20 11:50:00+05:30,413.3500061035156,413.3500061035156,-0.1,0.0,sl,baseline
ASHOKLEY,2026-06-09,2026-06-09 14:50:00+05:30,144.1199951171875,144.1199951171875,-0.1,0.0,sl,baseline
ASHOKLEY,2026-06-12,2026-06-12 13:35:00+05:30,147.8699951171875,148.4378493172782,0.13041356008999652,0.57,tp,baseline
ASHOKLEY,2026-06-12,2026-06-12 14:20:00+05:30,150.6300048828125,151.47107860020228,0.2350223820456421,0.84,tp,baseline
ASHOKLEY,2026-06-25,2026-06-25 09:25:00+05:30,159.4199981689453,159.4199981689453,-0.1,0.0,sl,baseline
ASHOKLEY,2026-06-25,2026-06-25 12:00:00+05:30,161.0500030517578,161.74428830827986,0.15865951320681057,0.69,tp,baseline
ASHOKLEY,2026-06-30,2026-06-30 14:45:00+05:30,159.38999938964844,158.5399932861328,-0.4199721839904198,-0.85,sl,baseline
ASHOKLEY,2026-07-10,2026-07-10 14:20:00+05:30,157.63999938964844,157.27000427246094,-0.24082534329613656,-0.37,sl,baseline
ASHOKLEY,2026-07-28,2026-07-27 14:25:00+05:30,154.88999938964844,154.88999938964844,-0.1,0.0,sl,baseline
ASHOKLEY,2026-07-28,2026-07-28 11:15:00+05:30,156.5500030517578,157.137145451137,0.12503061817957464,0.59,tp,baseline
ASHOKLEY,2026-07-31,2026-07-31 09:45:00+05:30,164.60000610351562,166.01000813075476,0.413973988440459,1.41,tp,baseline
ASHOKLEY,2026-08-03,2026-08-03 13:35:00+05:30,174.69000244140625,174.5500030517578,-0.14808496915399452,-0.14,trend,baseline
ASHOKLEY,2026-08-05,2026-08-05 09:25:00+05:30,176.8800048828125,177.8110798427037,0.2158327456542254,0.93,tp,baseline
ASHOKLEY,2026-08-06,2026-08-06 14:15:00+05:30,177.5,177.5,-0.1,0.0,sl,baseline
ASHOKLEY,2026-08-13,2026-08-13 09:30:00+05:30,181.1699981689453,182.3014248439244,0.2747066356728666,1.13,tp,baseline
ASHOKLEY,2026-08-17,2026-08-17 13:55:00+05:30,176.6999969482422,176.6999969482422,-0.1,0.0,sl,baseline
ASHOKLEY,2026-08-17,2026-08-17 14:55:00+05:30,178.00999450683594,178.7974967956543,0.16543530580968058,0.79,tp,baseline
AXISBANK,2026-06-10,2026-06-10 11:25:00+05:30,1313.699951171875,1320.0321175711495,0.18920605775889235,6.33,tp,baseline
AXISBANK,2026-06-24,2026-06-24 11:05:00+05:30,1382.0,1377.800048828125,-0.28234230847503616,-4.2,trend,baseline
AXISBANK,2026-06-25,2026-06-25 10:15:00+05:30,1396.199951171875,1389.5999755859375,-0.38362594829191604,-6.6,trend,baseline
AXISBANK,2026-07-13,2026-07-10 15:20:00+05:30,1325.199951171875,1320.0999755859375,-0.33090744523923,-5.1,sl,baseline
AXISBANK,2026-07-14,2026-07-14 14:40:00+05:30,1319.4000244140625,1319.4000244140625,-0.1,0.0,sl,baseline
AXISBANK,2026-07-15,2026-07-15 09:20:00+05:30,1339.4000244140625,1346.1607622419085,0.20285520552249886,6.76,tp,baseline
AXISBANK,2026-07-29,2026-07-29 14:00:00+05:30,1234.300048828125,1236.550035749163,0.009373093998055193,2.25,tp,baseline
AXISBANK,2026-08-03,2026-08-03 09:40:00+05:30,1245.4000244140625,1248.9464765276227,0.07085845723644214,3.55,tp,baseline
AXISBANK,2026-08-18,2026-08-18 14:40:00+05:30,1246.699951171875,1246.699951171875,-0.1,0.0,sl,baseline
BAJFINANCE,2026-06-05,2026-06-05 10:05:00+05:30,912.2999877929688,903.2000122070312,-0.6984857420387857,-9.1,trend,baseline
BAJFINANCE,2026-06-09,2026-06-09 14:25:00+05:30,884.0999755859375,886.7571236746652,0.08032902355641412,2.66,tp,baseline
BAJFINANCE,2026-06-12,2026-06-12 13:40:00+05:30,897.0,899.6303558349609,0.07594353411109951,2.63,tp,baseline
BAJFINANCE,2026-06-23,2026-06-23 11:15:00+05:30,976.4000244140624,976.4000244140624,-0.1,0.0,sl,baseline
BAJFINANCE,2026-07-07,2026-07-07 14:35:00+05:30,1050.699951171875,1050.699951171875,-0.1,0.0,sl,baseline
BAJFINANCE,2026-07-15,2026-07-15 12:10:00+05:30,1030.199951171875,1025.800048828125,-0.35625524474612996,-4.4,sl,baseline
BAJFINANCE,2026-07-31,2026-07-31 09:20:00+05:30,1102.199951171875,1112.7213614327568,0.47274963130030684,10.52,tp,baseline
BAJFINANCE,2026-07-31,2026-07-31 13:50:00+05:30,1145.5,1145.5,-0.1,0.0,sl,baseline
BAJFINANCE,2026-08-10,2026-08-10 13:30:00+05:30,1090.300048828125,1092.6679033551898,0.03030474663977749,2.37,tp,baseline
BAJFINANCE,2026-08-10,2026-08-10 14:05:00+05:30,1098.4000244140625,1098.4000244140625,-0.1,0.0,sl,baseline
BAJFINANCE,2026-08-12,2026-08-12 15:10:00+05:30,1088.300048828125,1090.3143397739955,0.01105159545142611,2.01,tp,baseline
BAJFINANCE,2026-08-17,2026-08-17 12:30:00+05:30,1096.300048828125,1098.5607735770088,0.023728430987505763,2.26,tp,baseline
BALRAMCHIN,2026-06-01,2026-06-01 14:05:00+05:30,529.4500122070312,529.4500122070312,-0.1,0.0,sl,baseline
BALRAMCHIN,2026-06-02,2026-06-02 11:55:00+05:30,537.0999755859375,538.546404157366,0.061582048465067096,1.45,tp,baseline
BALRAMCHIN,2026-06-08,2026-06-08 13:05:00+05:30,551.9500122070312,551.9500122070312,-0.1,0.0,sl,baseline
BALRAMCHIN,2026-06-15,2026-06-15 09:50:00+05:30,566.9000244140625,561.8499755859375,-0.6344909448551855,-5.05,trend,baseline
BALRAMCHIN,2026-06-30,2026-06-30 09:45:00+05:30,536.2000122070312,539.9446563720703,0.31902022526548074,3.74,tp,baseline
BALRAMCHIN,2026-07-02,2026-07-02 12:05:00+05:30,563.4000244140625,563.4000244140625,-0.1,0.0,sl,baseline
BALRAMCHIN,2026-07-02,2026-07-02 14:40:00+05:30,566.7000122070312,568.7625318254743,0.11837158009690164,2.06,tp,baseline
BALRAMCHIN,2026-07-13,2026-07-13 09:25:00+05:30,584.4500122070312,588.4946812220982,0.3152282245449756,4.04,tp,baseline
BALRAMCHIN,2026-07-13,2026-07-13 11:15:00+05:30,601.5,591.1500244140625,-1.1324165173004985,-10.35,sl,baseline
BALRAMCHIN,2026-07-14,2026-07-14 14:05:00+05:30,598.0,599.6125183105469,0.06179113483747909,1.61,tp,baseline
BALRAMCHIN,2026-07-16,2026-07-16 11:30:00+05:30,595.9500122070312,592.5999755859375,-0.43728029725385326,-3.35,sl,baseline
BALRAMCHIN,2026-07-17,2026-07-17 09:40:00+05:30,608.5499877929688,611.8660670689175,0.2269489122471418,3.32,tp,baseline
BALRAMCHIN,2026-07-21,2026-07-21 09:40:00+05:30,614.5,618.0249960763114,0.24418187889126453,3.52,tp,baseline
BALRAMCHIN,2026-07-21,2026-07-21 11:30:00+05:30,623.75,629.010724748884,0.40604165921128127,5.26,tp,baseline
BALRAMCHIN,2026-07-21,2026-07-21 12:35:00+05:30,639.2000122070312,634.6500244140625,-0.5270952164652071,-4.55,trend,baseline
BALRAMCHIN,2026-07-22,2026-07-22 13:50:00+05:30,628.5,624.5,-0.4818615751789976,-4.0,trend,baseline
BALRAMCHIN,2026-08-03,2026-08-03 11:45:00+05:30,630.2000122070312,630.2000122070312,-0.1,0.0,sl,baseline
BALRAMCHIN,2026-08-03,2026-08-03 15:05:00+05:30,641.3499755859375,643.7338976178851,0.12302226142002658,2.38,tp,baseline
BALRAMCHIN,2026-08-10,2026-08-10 12:55:00+05:30,650.0,647.25,-0.35384615384615387,-2.75,trend,baseline
BALRAMCHIN,2026-08-14,2026-08-14 12:40:00+05:30,630.0499877929688,622.7000122070312,-0.7999421374501476,-7.35,trend,baseline
BALRAMCHIN,2026-08-17,2026-08-17 11:25:00+05:30,648.0499877929688,648.0499877929688,-0.1,0.0,sl,baseline
BALRAMCHIN,2026-08-18,2026-08-18 11:40:00+05:30,667.4000244140625,667.4000244140625,-0.1,0.0,sl,baseline
BALRAMCHIN,2026-08-20,2026-08-20 10:55:00+05:30,693.75,701.7160557338169,0.5889561715733548,7.97,tp,baseline
BALRAMCHIN,2026-08-20,2026-08-20 11:50:00+05:30,721.2000122070312,731.0892835344587,0.7227347054943111,9.89,tp,baseline
BALRAMCHIN,2026-08-20,2026-08-20 14:30:00+05:30,771.75,778.500006539481,0.42478184952233056,6.75,tp,baseline
BANDHANBNK,2026-06-03,2026-06-03 14:40:00+05:30,208.7700042724609,207.0500030517578,-0.5943242378225071,-1.72,trend,baseline
BANDHANBNK,2026-06-05,2026-06-05 11:10:00+05:30,208.0,206.6499938964844,-0.48942483755257593,-1.35,trend,baseline
BANDHANBNK,2026-06-12,2026-06-12 14:30:00+05:30,202.91000366210935,204.11642837524414,0.25673688572114806,1.21,tp,baseline
BANDHANBNK,2026-06-15,2026-06-15 11:55:00+05:30,213.3999938964844,214.21535437447687,0.12924850083772277,0.82,tp,baseline
BANDHANBNK,2026-06-16,2026-06-16 14:20:00+05:30,214.42999267578125,215.3942832946777,0.1698197039127263,0.96,tp,baseline
BANDHANBNK,2026-06-24,2026-06-24 13:20:00+05:30,211.02999877929688,211.02999877929688,-0.1,0.0,sl,baseline
BANDHANBNK,2026-06-24,2026-06-24 13:40:00+05:30,212.0500030517578,212.0500030517578,-0.1,0.0,sl,baseline
BANDHANBNK,2026-07-10,2026-07-10 09:25:00+05:30,205.55999755859372,206.61214283534454,0.20710603889287732,1.05,tp,baseline
BANDHANBNK,2026-07-10,2026-07-10 09:45:00+05:30,209.7100067138672,206.9600067138672,-0.8868007949908157,-2.75,sl,baseline
BANDHANBNK,2026-07-15,2026-07-15 09:35:00+05:30,215.8500061035156,217.28893715994695,0.29998082439004986,1.44,tp,baseline
BANDHANBNK,2026-07-15,2026-07-15 11:05:00+05:30,220.1999969482422,218.17999267578125,-0.6504098911324884,-2.02,sl,baseline
BANDHANBNK,2026-07-29,2026-07-29 12:15:00+05:30,172.16000366210938,172.16000366210938,-0.1,0.0,sl,baseline
BANDHANBNK,2026-07-29,2026-07-29 14:10:00+05:30,173.6999969482422,173.6999969482422,-0.1,0.0,sl,baseline
BANDHANBNK,2026-08-20,2026-08-20 09:25:00+05:30,174.2100067138672,174.2100067138672,-0.1,0.0,sl,baseline
BANKBARODA,2026-06-12,2026-06-12 11:10:00+05:30,276.0,273.75,-0.5891304347826086,-2.25,sl,baseline
BANKBARODA,2026-06-17,2026-06-17 11:10:00+05:30,278.29998779296875,279.41963849748885,0.14139074817775873,1.12,tp,baseline
BANKBARODA,2026-06-22,2026-06-22 10:55:00+05:30,284.1000061035156,284.1000061035156,-0.1,0.0,sl,baseline
BANKBARODA,2026-06-22,2026-06-22 14:35:00+05:30,285.5,285.5,-0.1,0.0,sl,baseline
BANKBARODA,2026-07-10,2026-07-10 12:45:00+05:30,251.3500061035156,251.93929181780132,0.04066895563384992,0.59,tp,baseline
BANKBARODA,2026-07-20,2026-07-20 11:05:00+05:30,253.0,252.0500030517578,-0.3252957189507164,-0.95,trend,baseline
BANKBARODA,2026-07-20,2026-07-20 13:20:00+05:30,254.6499938964844,254.6499938964844,-0.1,0.0,sl,baseline
BANKBARODA,2026-07-24,2026-07-24 14:00:00+05:30,246.6999969482422,246.25,-0.2094439287739263,-0.45,trend,baseline
BANKBARODA,2026-07-29,2026-07-29 12:35:00+05:30,243.6499938964844,244.26070458548415,0.050390487411842426,0.61,tp,baseline
BANKBARODA,2026-08-07,2026-08-06 14:15:00+05:30,250.2899932861328,250.2899932861328,-0.1,0.0,sl,baseline
BANKINDIA,2026-06-05,2026-06-05 09:50:00+05:30,142.55999755859375,142.55999755859375,-0.1,0.0,sl,baseline
BANKINDIA,2026-06-09,2026-06-09 11:00:00+05:30,144.0,144.63964135306222,0.16651723044259037,0.64,tp,baseline
BANKINDIA,2026-06-09,2026-06-09 14:35:00+05:30,146.57000732421875,147.12821905953544,0.128509943681139,0.56,tp,baseline
BANKINDIA,2026-07-10,2026-07-10 12:55:00+05:30,144.52000427246094,145.04286030360632,0.11707279920625362,0.52,tp,baseline
BANKINDIA,2026-07-15,2026-07-15 12:15:00+05:30,145.75999450683594,144.6300048828125,-0.5651439352121171,-1.13,trend,baseline
BANKINDIA,2026-07-20,2026-07-20 13:10:00+05:30,145.74000549316406,146.1385770525251,0.06408873789142545,0.4,tp,baseline
BANKINDIA,2026-07-20,2026-07-20 13:55:00+05:30,147.0399932861328,147.51999282836914,0.09586489288078456,0.48,tp,baseline
BANKINDIA,2026-08-03,2026-08-03 09:40:00+05:30,140.82000732421875,141.34714998517717,0.12460274117643433,0.53,tp,baseline
BANKINDIA,2026-08-05,2026-08-05 09:25:00+05:30,142.10000610351562,142.63036455426897,0.12393740801122403,0.53,tp,baseline
BANKINDIA,2026-08-06,2026-08-06 13:10:00+05:30,141.75999450683594,142.01821081978935,0.009290204412764572,0.26,tp,baseline
BANKINDIA,2026-08-06,2026-08-06 14:15:00+05:30,142.89999389648438,142.89999389648438,-0.1,0.0,sl,baseline
BANKINDIA,2026-08-07,2026-08-07 14:45:00+05:30,144.72000122070312,144.72000122070312,-0.1,0.0,sl,baseline
BANKINDIA,2026-08-12,2026-08-12 09:35:00+05:30,144.8699951171875,145.49249485560827,0.1578172538422004,0.62,tp,baseline
BANKINDIA,2026-08-20,2026-08-20 12:55:00+05:30,143.6199951171875,143.14999389648438,-0.2963519997280149,-0.47,trend,baseline
BEL,2026-06-04,2026-06-04 14:30:00+05:30,410.5,411.37857600620816,0.028415494208257775,0.88,tp,baseline
BEL,2026-06-08,2026-06-08 12:45:00+05:30,415.2000122070313,412.5499877929688,-0.48295149366341317,-2.65,sl,baseline
BEL,2026-06-17,2026-06-17 12:15:00+05:30,414.2000122070313,414.2000122070313,-0.1,0.0,sl,baseline
BEL,2026-06-17,2026-06-17 14:40:00+05:30,415.7999877929688,416.89821188790467,0.05847390002560687,1.1,tp,baseline
BEL,2026-06-18,2026-06-18 12:00:00+05:30,429.2000122070313,428.0,-0.26775566256775346,-1.2,trend,baseline
BEL,2026-06-22,2026-06-22 14:45:00+05:30,432.0,432.0,-0.1,0.0,sl,baseline
BEL,2026-07-01,2026-07-01 10:50:00+05:30,416.0,415.2000122070313,-0.21538285475509997,-0.8,trend,baseline
BEL,2026-07-10,2026-07-10 14:00:00+05:30,415.1000061035156,414.5499877929688,-0.17950156142512663,-0.55,trend,baseline
BEL,2026-07-22,2026-07-21 14:55:00+05:30,410.75,409.1000061035156,-0.34102162821439436,-1.65,sl,baseline
BEL,2026-08-07,2026-08-07 14:50:00+05:30,402.1499938964844,402.1499938964844,-0.1,0.0,sl,baseline
BEL,2026-08-18,2026-08-18 13:20:00+05:30,416.1499938964844,413.2999877929688,-0.5109104138385971,-2.85,trend,baseline
BHARTIARTL,2026-07-01,2026-07-01 12:20:00+05:30,1886.300048828125,1876.9000244140625,-0.3989988073181355,-9.4,sl,baseline
BHARTIARTL,2026-07-03,2026-07-03 12:00:00+05:30,1903.199951171875,1906.9713614327568,0.018896921741499248,3.77,tp,baseline
BHARTIARTL,2026-07-09,2026-07-09 12:00:00+05:30,1955.199951171875,1947.0,-0.35163516908724096,-8.2,trend,baseline
BHARTIARTL,2026-07-14,2026-07-14 10:40:00+05:30,1937.0999755859373,1930.300048828125,-0.31062186289343435,-6.8,trend,baseline
BHARTIARTL,2026-07-31,2026-07-31 12:40:00+05:30,1969.699951171875,1971.585688999721,-0.04255761157761842,1.89,tp,baseline
BHARTIARTL,2026-08-14,2026-08-14 11:15:00+05:30,1996.4000244140625,1996.4000244140625,-0.1,0.0,sl,baseline
BHEL,2026-06-09,2026-06-09 14:55:00+05:30,395.7999877929688,396.8339157104493,0.05673490894920678,1.03,tp,baseline
BHEL,2026-06-17,2026-06-17 14:55:00+05:30,389.9500122070313,391.35358101981035,0.11596134409666789,1.4,tp,baseline
BHEL,2026-06-18,2026-06-18 12:00:00+05:30,398.25,400.082143511091,0.1760291542133297,1.83,tp,baseline
BHEL,2026-06-18,2026-06-18 12:25:00+05:30,404.1499938964844,405.93392181396484,0.16484146150016607,1.78,tp,baseline
BHEL,2026-06-19,2026-06-19 11:15:00+05:30,417.3999938964844,419.18392181396484,0.15643429950641796,1.78,tp,baseline
BHEL,2026-06-30,2026-06-30 12:35:00+05:30,419.5,416.7999877929688,-0.48617576262663076,-2.7,sl,baseline
BHEL,2026-07-08,2026-07-08 12:15:00+05:30,382.8999938964844,384.3357140677316,0.12497574209448031,1.44,tp,baseline
BHEL,2026-07-13,2026-07-13 09:35:00+05:30,405.5,405.5,-0.1,0.0,sl,baseline
BHEL,2026-07-15,2026-07-15 12:30:00+05:30,408.3999938964844,405.6000061035156,-0.5113596231362999,-2.8,sl,baseline
BHEL,2026-07-15,2026-07-15 13:20:00+05:30,412.3500061035156,412.3500061035156,-0.1,0.0,sl,baseline
BHEL,2026-08-07,2026-08-07 10:45:00+05:30,418.6000061035156,414.7000122070313,-0.6590053281824207,-3.9,trend,baseline
BHEL,2026-08-12,2026-08-12 13:20:00+05:30,415.2999877929688,417.6999936785017,0.24673815883606312,2.4,tp,baseline
BHEL,2026-08-13,2026-08-12 15:05:00+05:30,419.0,419.0,-0.1,0.0,sl,baseline
BHEL,2026-08-14,2026-08-14 12:45:00+05:30,426.5,425.0499877929688,-0.30398764928926514,-1.45,trend,baseline
BHEL,2026-08-19,2026-08-19 14:25:00+05:30,419.75,420.8482175554548,0.05698166367430473,1.1,tp,baseline
BPCL,2026-06-30,2026-06-30 11:40:00+05:30,302.95001220703125,303.533935546875,0.0156474632081624,0.58,tp,baseline
BPCL,2026-07-02,2026-07-02 09:25:00+05:30,308.45001220703125,309.52144731794084,0.10841661245072882,1.07,tp,baseline
BPCL,2026-07-07,2026-07-07 14:35:00+05:30,315.29998779296875,315.29998779296875,-0.1,0.0,sl,baseline
BPCL,2026-07-09,2026-07-09 13:30:00+05:30,307.6499938964844,307.6499938964844,-0.1,0.0,sl,baseline
BPCL,2026-07-16,2026-07-16 09:40:00+05:30,317.3999938964844,314.79998779296875,-0.5914945469778895,-2.6,trend,baseline
BPCL,2026-07-20,2026-07-17 15:00:00+05:30,315.79998779296875,314.20001220703125,-0.40398524023751525,-1.6,sl,baseline
BPCL,2026-08-14,2026-08-14 09:20:00+05:30,316.29998779296875,316.29998779296875,-0.1,0.0,sl,baseline
BPCL,2026-08-20,2026-08-20 11:35:00+05:30,309.8500061035156,310.6857256208147,0.06183046651673451,0.84,tp,baseline
BSOFT,2026-07-07,2026-07-07 13:40:00+05:30,285.25,285.25,-0.1,0.0,sl,baseline
BSOFT,2026-07-10,2026-07-10 11:20:00+05:30,289.3500061035156,287.79998779296875,-0.4214138471437983,-1.55,trend,baseline
BSOFT,2026-07-13,2026-07-13 11:10:00+05:30,302.0,302.0,-0.1,0.0,sl,baseline
BSOFT,2026-07-27,2026-07-27 14:00:00+05:30,294.6499938964844,295.52320098876953,0.07781241005392907,0.87,tp,baseline
BSOFT,2026-07-28,2026-07-28 09:35:00+05:30,305.5,305.5,-0.1,0.0,sl,baseline
BSOFT,2026-07-29,2026-07-29 10:55:00+05:30,321.29998779296875,312.75,-1.6966364365649422,-8.55,trend,baseline
BSOFT,2026-08-03,2026-08-03 10:10:00+05:30,314.1499938964844,316.4160679408482,0.3328010355035452,2.27,tp,baseline
BSOFT,2026-08-03,2026-08-03 11:55:00+05:30,319.25,319.25,-0.1,0.0,sl,baseline
BSOFT,2026-08-03,2026-08-03 14:55:00+05:30,321.3500061035156,321.3500061035156,-0.1,0.0,sl,baseline
BSOFT,2026-08-17,2026-08-17 15:00:00+05:30,310.8999938964844,310.8999938964844,-0.1,0.0,sl,baseline
CANBK,2026-06-04,2026-06-04 10:50:00+05:30,133.11000061035156,132.1699981689453,-0.5237108123038272,-0.94,trend,baseline
CANBK,2026-06-09,2026-06-09 11:45:00+05:30,136.1999969482422,136.8257108415876,0.1756448931125305,0.63,tp,baseline
CANBK,2026-06-12,2026-06-12 14:45:00+05:30,131.50999450683594,131.50999450683594,-0.1,0.0,sl,baseline
CANBK,2026-06-16,2026-06-16 14:10:00+05:30,133.4600067138672,132.85000610351562,-0.374239733102687,-0.61,trend,baseline
CANBK,2026-06-17,2026-06-17 12:45:00+05:30,135.5800018310547,135.5800018310547,-0.1,0.0,sl,baseline
CANBK,2026-07-10,2026-07-10 12:45:00+05:30,127.88999938964844,128.36356816973006,0.12217629948004459,0.47,tp,baseline
CANBK,2026-07-10,2026-07-10 13:05:00+05:30,130.61000061035156,129.3699951171875,-0.6696373114016134,-1.24,trend,baseline
CANBK,2026-07-20,2026-07-20 09:25:00+05:30,127.93000030517578,128.53857176644462,0.18542396301903996,0.61,tp,baseline
CANBK,2026-07-27,2026-07-27 14:20:00+05:30,128.3699951171875,127.36000061035156,-0.5720703646894705,-1.01,trend,baseline
CANBK,2026-08-06,2026-08-06 12:30:00+05:30,129.94000244140625,129.5399932861328,-0.28470485505207527,-0.4,sl,baseline
CANBK,2026-08-06,2026-08-06 14:10:00+05:30,130.4199981689453,130.73928342546736,0.04688786735380119,0.32,tp,baseline
CANBK,2026-08-12,2026-08-12 09:35:00+05:30,132.5,133.05500085013253,0.15132113968265481,0.56,tp,baseline
COALINDIA,2026-06-04,2026-06-04 11:25:00+05:30,481.7000122070313,481.7000122070313,-0.1,0.0,sl,baseline
COALINDIA,2026-06-16,2026-06-16 13:10:00+05:30,452.75,451.2999877929688,-0.2921606458793409,-1.45,trend,baseline
COALINDIA,2026-06-17,2026-06-17 13:35:00+05:30,459.3500061035156,460.4535827636719,0.04414846789934162,1.1,tp,baseline
COALINDIA,2026-07-03,2026-07-02 15:05:00+05:30,439.1000061035156,440.1017957414899,0.03688767352075112,1.0,tp,baseline
COALINDIA,2026-07-03,2026-07-03 10:50:00+05:30,443.7000122070313,445.11965506417414,0.09197333577900708,1.42,tp,baseline
COALINDIA,2026-07-21,2026-07-21 14:05:00+05:30,432.7999877929688,432.7999877929688,-0.1,0.0,sl,baseline
COALINDIA,2026-08-18,2026-08-18 09:35:00+05:30,412.0,412.0,-0.1,0.0,sl,baseline
COFORGE,2026-06-16,2026-06-16 09:55:00+05:30,1435.4000244140625,1442.8250165666852,0.21036611507598327,7.42,tp,baseline
COFORGE,2026-06-16,2026-06-16 12:35:00+05:30,1451.0,1451.0,-0.1,0.0,sl,baseline
COFORGE,2026-07-03,2026-07-03 11:50:00+05:30,1488.800048828125,1488.800048828125,-0.1,0.0,sl,baseline
COFORGE,2026-07-07,2026-07-07 14:10:00+05:30,1520.4000244140625,1512.0,-0.4314926708436379,-8.4,trend,baseline
COFORGE,2026-07-24,2026-07-24 14:00:00+05:30,1475.199951171875,1480.610639299665,0.12006595608243824,5.41,tp,baseline
COFORGE,2026-07-28,2026-07-28 09:25:00+05:30,1640.9000244140625,1657.5286298479352,0.5080299294215879,16.63,tp,baseline
COFORGE,2026-08-03,2026-08-03 12:20:00+05:30,1740.5999755859375,1738.0999755859375,-0.18617718149140247,-2.5,trend,baseline
COFORGE,2026-08-03,2026-08-03 14:40:00+05:30,1757.4000244140625,1763.067910330636,0.09350924676799184,5.67,tp,baseline
COFORGE,2026-08-07,2026-08-07 09:35:00+05:30,1800.0,1806.203574044364,0.10678580147879682,6.2,tp,baseline
COFORGE,2026-08-20,2026-08-20 09:35:00+05:30,1868.0,1868.0,-0.1,0.0,sl,baseline
CONCOR,2026-06-05,2026-06-04 15:10:00+05:30,454.2999877929688,455.66605922154025,0.08041885960084819,1.37,tp,baseline
CONCOR,2026-06-09,2026-06-09 13:10:00+05:30,449.6499938964844,450.9303523472377,0.0708473436850213,1.28,tp,baseline
CONCOR,2026-06-23,2026-06-23 09:30:00+05:30,483.0499877929688,483.0499877929688,-0.1,0.0,sl,baseline
CONCOR,2026-06-25,2026-06-25 10:05:00+05:30,480.25,477.0499877929688,-0.49979330020171076,-3.2,trend,baseline
CONCOR,2026-06-30,2026-06-30 11:55:00+05:30,474.75,473.75,-0.2263823064770932,-1.0,trend,baseline
CONCOR,2026-07-03,2026-07-03 14:05:00+05:30,489.6000061035156,487.2000122070313,-0.39411689541240197,-2.4,trend,baseline
CONCOR,2026-07-14,2026-07-14 14:10:00+05:30,494.2999877929688,494.2999877929688,-0.1,0.0,sl,baseline
CONCOR,2026-07-20,2026-07-20 13:30:00+05:30,498.3500061035156,499.85000937325606,0.08059635814618889,1.5,tp,baseline
CONCOR,2026-07-28,2026-07-28 11:40:00+05:30,525.4000244140625,525.4000244140625,-0.1,0.0,sl,baseline
CONCOR,2026-08-11,2026-08-11 13:45:00+05:30,510.9500122070313,508.0499877929688,-0.4405449861761555,-2.9,sl,baseline
CONCOR,2026-08-12,2026-08-12 09:55:00+05:30,522.9500122070312,519.0,-0.5531995924842784,-3.95,trend,baseline
CONCOR,2026-08-13,2026-08-13 13:15:00+05:30,527.5,528.6464168003628,0.030398119472542767,1.15,tp,baseline
CONCOR,2026-08-13,2026-08-13 13:35:00+05:30,532.9000244140625,534.260740007673,0.053204976311267735,1.36,tp,baseline
CONCOR,2026-08-20,2026-08-20 12:30:00+05:30,521.4000244140625,522.7660827636719,0.05719888212255306,1.37,tp,baseline
DABUR,2026-06-09,2026-06-09 14:55:00+05:30,426.2999877929688,424.9500122070313,-0.29000360655789337,-1.35,sl,baseline
DABUR,2026-06-10,2026-06-10 09:25:00+05:30,436.4500122070313,436.4500122070313,-0.1,0.0,sl,baseline
DABUR,2026-07-01,2026-07-01 09:30:00+05:30,439.6000061035156,441.9142859322684,0.2158707638699825,2.31,tp,baseline
DABUR,2026-07-07,2026-07-07 14:30:00+05:30,455.0,453.3999938964844,-0.3109898158482143,-1.6,sl,baseline
DABUR,2026-07-28,2026-07-28 09:30:00+05:30,431.2999877929688,432.7249832153321,0.09823725425848646,1.42,tp,baseline
DABUR,2026-08-05,2026-08-05 13:20:00+05:30,412.1000061035156,413.17143140520375,0.055994945763576276,1.07,tp,baseline
DABUR,2026-08-10,2026-08-10 14:55:00+05:30,413.7999877929688,412.9714006696429,-0.2201431340409522,-0.83,sl,baseline
DABUR,2026-08-13,2026-08-13 12:15:00+05:30,409.8500061035156,410.6267983572824,0.013718517828285197,0.78,tp,baseline
DEVYANI,2026-06-18,2026-06-18 13:50:00+05:30,115.91999816894533,116.50499643598286,0.20279413886028866,0.58,tp,baseline
DEVYANI,2026-06-22,2026-06-22 10:00:00+05:30,118.86000061035156,119.63035883222307,0.2888734063178593,0.77,tp,baseline
DEVYANI,2026-07-13,2026-07-13 09:55:00+05:30,113.76000213623048,114.44786153520857,0.2627950348424019,0.69,tp,baseline
DEVYANI,2026-07-22,2026-07-21 15:20:00+05:30,111.0,111.0,-0.1,0.0,sl,baseline
DEVYANI,2026-07-27,2026-07-27 12:00:00+05:30,116.05999755859376,116.05999755859376,-0.1,0.0,sl,baseline
DEVYANI,2026-07-29,2026-07-29 10:55:00+05:30,117.33000183105467,118.0253595624651,0.25559075456847685,0.7,tp,baseline
DEVYANI,2026-07-29,2026-07-29 12:25:00+05:30,122.98999786376952,122.98999786376952,-0.1,0.0,sl,baseline
DEVYANI,2026-07-31,2026-07-30 14:50:00+05:30,119.04000091552734,119.04000091552734,-0.1,0.0,sl,baseline
DEVYANI,2026-08-03,2026-08-03 12:35:00+05:30,115.8000030517578,116.07643018450054,0.043226489874540676,0.28,tp,baseline
DEVYANI,2026-08-04,2026-08-04 09:55:00+05:30,118.97000122070312,119.75107192993164,0.2939164669484397,0.78,tp,baseline
DEVYANI,2026-08-05,2026-08-05 09:50:00+05:30,122.79000091552734,120.6999969482422,-1.1212577335460474,-2.09,sl,baseline
DEVYANI,2026-08-05,2026-08-05 12:20:00+05:30,123.37999725341795,123.37999725341795,-0.1,0.0,sl,baseline
DEVYANI,2026-08-05,2026-08-05 13:15:00+05:30,124.9000015258789,124.9000015258789,-0.1,0.0,sl,baseline
DEVYANI,2026-08-07,2026-08-07 11:20:00+05:30,128.0,128.0,-0.1,0.0,sl,baseline
DEVYANI,2026-08-07,2026-08-07 14:45:00+05:30,134.1300048828125,135.15107618059432,0.35675296828949427,1.02,tp,baseline
DEVYANI,2026-08-13,2026-08-13 09:45:00+05:30,143.1699981689453,143.1699981689453,-0.1,0.0,sl,baseline
DEVYANI,2026-08-20,2026-08-20 11:25:00+05:30,146.44000244140625,146.9585734776088,0.11247105745305491,0.52,tp,baseline
DLF,2026-06-15,2026-06-12 14:55:00+05:30,588.25,591.4053584507534,0.22183851601394614,3.16,tp,baseline
DLF,2026-06-15,2026-06-15 11:55:00+05:30,615.0999755859375,615.0999755859375,-0.1,0.0,sl,baseline
DLF,2026-06-16,2026-06-16 14:50:00+05:30,627.0999755859375,628.7124808175223,0.05428212033446282,1.61,tp,baseline
DLF,2026-06-18,2026-06-18 12:10:00+05:30,635.8499755859375,635.8499755859375,-0.1,0.0,sl,baseline
DLF,2026-07-01,2026-07-01 11:55:00+05:30,634.0,634.0,-0.1,0.0,sl,baseline
DLF,2026-07-03,2026-07-03 12:15:00+05:30,671.6500244140625,671.6500244140625,-0.1,0.0,sl,baseline
DLF,2026-07-17,2026-07-17 10:25:00+05:30,670.1500244140625,674.6768166678293,0.30529362878630373,4.53,tp,baseline
DLF,2026-07-20,2026-07-20 14:50:00+05:30,668.1500244140625,668.1500244140625,-0.1,0.0,sl,baseline
DLF,2026-08-07,2026-08-07 12:30:00+05:30,648.5,645.6500244140625,-0.36368316909213566,-2.85,trend,baseline
DLF,2026-08-10,2026-08-10 13:25:00+05:30,659.4500122070312,658.7000122070312,-0.16823868248844986,-0.75,trend,baseline
DLF,2026-08-13,2026-08-13 10:50:00+05:30,664.1500244140625,664.1500244140625,-0.1,0.0,sl,baseline
DLF,2026-08-20,2026-08-20 12:45:00+05:30,680.5499877929688,680.5499877929688,-0.1,0.0,sl,baseline
DRREDDY,2026-06-05,2026-06-05 12:15:00+05:30,1283.5,1281.0,-0.2168679392286716,-2.5,trend,baseline
DRREDDY,2026-06-05,2026-06-05 14:25:00+05:30,1286.4000244140625,1286.4000244140625,-0.1,0.0,sl,baseline
DRREDDY,2026-06-15,2026-06-15 12:00:00+05:30,1288.699951171875,1288.699951171875,-0.1,0.0,sl,baseline
DRREDDY,2026-06-19,2026-06-19 14:45:00+05:30,1270.4000244140625,1265.300048828125,-0.34086785994622715,-5.1,sl,baseline
DRREDDY,2026-06-22,2026-06-22 13:10:00+05:30,1299.800048828125,1302.1678902762276,0.009301801468805073,2.37,tp,baseline
DRREDDY,2026-06-23,2026-06-23 09:35:00+05:30,1326.0,1313.0,-0.6882352941176471,-13.0,sl,baseline
DRREDDY,2026-07-20,2026-07-20 13:05:00+05:30,1228.800048828125,1228.800048828125,-0.1,0.0,sl,baseline
DRREDDY,2026-08-18,2026-08-18 14:10:00+05:30,1188.9000244140625,1186.0999755859375,-0.24130955188624761,-2.8,sl,baseline
DRREDDY,2026-08-20,2026-08-20 15:05:00+05:30,1180.9000244140625,1180.0,-0.14572907420384243,-0.9,trend,baseline
EXIDEIND,2026-06-02,2026-06-02 12:50:00+05:30,398.0,399.8964298793247,0.18589395165699418,1.9,tp,baseline
EXIDEIND,2026-06-09,2026-06-09 11:05:00+05:30,393.2000122070313,391.2000122070313,-0.40518818991494965,-2.0,sl,baseline
EXIDEIND,2026-06-23,2026-06-23 10:15:00+05:30,387.7000122070313,389.183941432408,0.12965114964984042,1.48,tp,baseline
EXIDEIND,2026-06-24,2026-06-24 12:20:00+05:30,396.6000061035156,396.6000061035156,-0.1,0.0,sl,baseline
EXIDEIND,2026-06-30,2026-06-30 09:25:00+05:30,392.25,393.8624986921038,0.14665371963347257,1.61,tp,baseline
EXIDEIND,2026-07-02,2026-07-02 09:25:00+05:30,409.9500122070313,412.93930380685,0.33751064922164664,2.99,tp,baseline
EXIDEIND,2026-07-08,2026-07-08 10:30:00+05:30,420.7999877929688,423.3821345738003,0.26817683304238116,2.58,tp,baseline
EXIDEIND,2026-07-09,2026-07-09 12:05:00+05:30,424.6000061035156,426.1107177734375,0.11347785890802416,1.51,tp,baseline
EXIDEIND,2026-07-17,2026-07-17 09:25:00+05:30,429.5499877929688,431.5267748151507,0.17611971761498244,1.98,tp,baseline
EXIDEIND,2026-07-20,2026-07-17 10:10:00+05:30,435.0,438.1500026157924,0.3344831194196417,3.15,tp,baseline
EXIDEIND,2026-07-22,2026-07-22 14:05:00+05:30,442.5,443.6571578979492,0.05690276582362287,1.16,tp,baseline
EXIDEIND,2026-07-22,2026-07-22 14:30:00+05:30,447.9500122070313,449.61073957170765,0.12244366372408544,1.66,tp,baseline
EXIDEIND,2026-07-30,2026-07-30 09:55:00+05:30,445.5,445.5,-0.1,0.0,sl,baseline
EXIDEIND,2026-07-30,2026-07-30 13:00:00+05:30,451.2999877929688,456.50712476457875,0.5922850138429896,5.21,tp,baseline
EXIDEIND,2026-08-05,2026-08-05 09:45:00+05:30,474.3500061035156,478.04107557024275,0.36687923506698217,3.69,tp,baseline
EXIDEIND,2026-08-06,2026-08-06 11:00:00+05:30,477.1000061035156,475.8500061035156,-0.2571997464693542,-1.25,trend,baseline
EXIDEIND,2026-08-07,2026-08-07 09:50:00+05:30,484.5,488.2714331490653,0.3670505447758853,3.77,tp,baseline
FEDERALBNK,2026-06-03,2026-06-03 15:05:00+05:30,301.0,301.0,-0.1,0.0,sl,baseline
FEDERALBNK,2026-06-05,2026-06-05 15:10:00+05:30,303.8999938964844,305.0517828805106,0.1274015808802954,1.15,tp,baseline
FEDERALBNK,2026-06-08,2026-06-08 12:35:00+05:30,308.75,308.75,-0.1,0.0,sl,baseline
FEDERALBNK,2026-06-17,2026-06-17 11:10:00+05:30,322.20001220703125,321.20001220703125,-0.2862197322371506,-1.0,trend,baseline
FEDERALBNK,2026-06-19,2026-06-19 14:35:00+05:30,324.54998779296875,322.8500061035156,-0.41427793931162576,-1.7,sl,baseline
FEDERALBNK,2026-06-24,2026-06-24 13:55:00+05:30,326.8999938964844,325.6000061035156,-0.3386028419530167,-1.3,trend,baseline
FEDERALBNK,2026-07-01,2026-07-01 14:55:00+05:30,331.79998779296875,330.3999938964844,-0.3531634625661145,-1.4,sl,baseline
FEDERALBNK,2026-07-09,2026-07-09 13:00:00+05:30,332.5,330.0,-0.5511278195488722,-2.5,sl,baseline
FEDERALBNK,2026-07-27,2026-07-24 15:25:00+05:30,354.6000061035156,355.41429574149,0.037781662260317976,0.81,tp,baseline
FEDERALBNK,2026-07-31,2026-07-31 12:35:00+05:30,358.75,357.95001220703125,-0.23379586781358888,-0.8,sl,baseline
FEDERALBNK,2026-08-07,2026-08-07 12:30:00+05:30,356.3999938964844,357.3428464617048,0.058729390802565146,0.94,tp,baseline
FEDERALBNK,2026-08-18,2026-08-18 15:05:00+05:30,358.0,358.0,-0.1,0.0,sl,baseline
GAIL,2026-06-02,2026-06-02 14:00:00+05:30,163.75,164.17107391357422,0.05428662482108778,0.42,tp,baseline
GAIL,2026-06-04,2026-06-04 15:05:00+05:30,167.63999938964844,168.12749808175224,0.07448056330662375,0.49,tp,baseline
GAIL,2026-06-08,2026-06-08 14:30:00+05:30,169.5500030517578,169.91750063214982,0.03004927411761622,0.37,tp,baseline
GAIL,2026-06-10,2026-06-10 13:00:00+05:30,169.52999877929688,169.52999877929688,-0.1,0.0,sl,baseline
GAIL,2026-06-12,2026-06-12 14:25:00+05:30,169.2100067138672,169.64714813232422,0.05500552016272913,0.44,tp,baseline
GAIL,2026-06-15,2026-06-15 11:40:00+05:30,177.05999755859375,176.6999969482422,-0.22199275341086422,-0.36,trend,baseline
GAIL,2026-06-18,2026-06-18 14:35:00+05:30,175.75,176.10249764578683,0.020340590311292043,0.35,tp,baseline
GAIL,2026-06-22,2026-06-22 11:05:00+05:30,177.41000366210938,177.8707150050572,0.055812411962503854,0.46,tp,baseline
GAIL,2026-07-06,2026-07-06 11:35:00+05:30,175.82000732421875,175.82000732421875,-0.1,0.0,sl,baseline
GAIL,2026-07-13,2026-07-13 14:30:00+05:30,173.19000244140625,173.19000244140625,-0.1,0.0,sl,baseline
GAIL,2026-07-20,2026-07-20 11:35:00+05:30,173.0,173.0,-0.1,0.0,sl,baseline
GAIL,2026-07-21,2026-07-21 09:50:00+05:30,175.9499969482422,175.10000610351562,-0.38985195548821666,-0.85,trend,baseline
GAIL,2026-07-27,2026-07-27 14:30:00+05:30,173.47000122070312,173.93928418840682,0.062316123041918886,0.47,tp,baseline
GAIL,2026-07-28,2026-07-28 11:05:00+05:30,176.2899932861328,175.0,-0.5390470254448475,-1.29,sl,baseline
GAIL,2026-07-31,2026-07-31 10:50:00+05:30,176.4600067138672,176.4600067138672,-0.1,0.0,sl,baseline
GAIL,2026-07-31,2026-07-31 14:15:00+05:30,178.8300018310547,179.48678970336914,0.12036163918454942,0.66,tp,baseline
GAIL,2026-08-12,2026-08-12 14:35:00+05:30,175.0,175.26464462280273,-0.009264700753348214,0.26,tp,baseline
GMRAIRPORT,2026-06-04,2026-06-04 10:55:00+05:30,101.26000213623048,101.26000213623048,-0.1,0.0,sl,baseline
GMRAIRPORT,2026-06-04,2026-06-04 11:55:00+05:30,103.81999969482422,102.62000274658205,-0.7935062329625477,-1.2,trend,baseline
GMRAIRPORT,2026-06-09,2026-06-09 12:15:00+05:30,102.66000366210938,102.98250389099121,0.08848639238897694,0.32,tp,baseline
GMRAIRPORT,2026-06-15,2026-06-15 09:45:00+05:30,106.94000244140624,106.41999816894533,-0.3917547749706622,-0.52,trend,baseline
GMRAIRPORT,2026-06-15,2026-06-15 13:55:00+05:30,107.4499969482422,107.67499514988492,0.02563883184720766,0.22,tp,baseline
GMRAIRPORT,2026-06-16,2026-06-16 09:25:00+05:30,109.98999786376952,109.98999786376952,-0.1,0.0,sl,baseline
GMRAIRPORT,2026-06-18,2026-06-18 13:45:00+05:30,110.66000366210938,111.05214527675084,0.11261970088424908,0.39,tp,baseline
GMRAIRPORT,2026-06-23,2026-06-23 09:45:00+05:30,108.83000183105467,108.55999755859376,-0.24885836694924865,-0.27,trend,baseline
GMRAIRPORT,2026-07-17,2026-07-16 15:05:00+05:30,112.04000091552734,111.62142944335938,-0.3241546601647483,-0.42,sl,baseline
GMRAIRPORT,2026-07-31,2026-07-31 12:25:00+05:30,105.5199966430664,105.79428373064313,0.05596309494087547,0.27,tp,baseline
GMRAIRPORT,2026-08-18,2026-08-18 14:50:00+05:30,102.16999816894533,101.6999969482422,-0.3760112924300604,-0.47,sl,baseline
GMRAIRPORT,2026-08-19,2026-08-19 14:55:00+05:30,102.83999633789062,102.18000030517578,-0.4850618764394139,-0.66,sl,baseline
GODREJCP,2026-06-04,2026-06-04 11:40:00+05:30,998.2999877929688,998.2999877929688,-0.1,0.0,sl,baseline
GODREJCP,2026-06-05,2026-06-05 15:00:00+05:30,998.5999755859376,998.5999755859376,-0.1,0.0,sl,baseline
GODREJCP,2026-06-10,2026-06-10 13:00:00+05:30,1036.0999755859375,1036.0999755859375,-0.1,0.0,sl,baseline
GODREJCP,2026-06-12,2026-06-12 14:20:00+05:30,1029.300048828125,1032.0536281040736,0.06051175431791287,2.75,tp,baseline
GODREJCP,2026-06-23,2026-06-23 14:45:00+05:30,1023.0,1023.0,-0.1,0.0,sl,baseline
GODREJCP,2026-07-02,2026-07-02 11:25:00+05:30,1060.5,1060.5,-0.1,0.0,sl,baseline
GODREJCP,2026-07-02,2026-07-02 12:15:00+05:30,1075.0999755859375,1075.0999755859375,-0.1,0.0,sl,baseline
GODREJCP,2026-08-13,2026-08-13 14:55:00+05:30,935.9000244140624,935.9000244140624,-0.1,0.0,sl,baseline
GODREJCP,2026-08-14,2026-08-14 13:05:00+05:30,939.4000244140624,940.9750388009206,0.0005970414685034248,1.58,tp,baseline
GODREJCP,2026-08-20,2026-08-20 11:35:00+05:30,942.7999877929688,942.7999877929688,-0.1,0.0,sl,baseline
HCLTECH,2026-07-07,2026-07-07 11:20:00+05:30,1167.199951171875,1167.199951171875,-0.1,0.0,sl,baseline
HCLTECH,2026-07-13,2026-07-13 10:50:00+05:30,1198.5,1198.5,-0.1,0.0,sl,baseline
HCLTECH,2026-07-13,2026-07-13 12:00:00+05:30,1217.800048828125,1225.4179033551898,0.2753253845438094,7.62,tp,baseline
HCLTECH,2026-07-16,2026-07-16 10:00:00+05:30,1203.800048828125,1198.5999755859375,-0.35918290569516087,-5.2,trend,baseline
HCLTECH,2026-07-20,2026-07-20 13:30:00+05:30,1218.0,1218.0,-0.1,0.0,sl,baseline
HCLTECH,2026-07-21,2026-07-21 11:35:00+05:30,1232.199951171875,1232.199951171875,-0.1,0.0,sl,baseline
HCLTECH,2026-08-10,2026-08-10 10:15:00+05:30,1362.800048828125,1362.800048828125,-0.1,0.0,sl,baseline
HCLTECH,2026-08-13,2026-08-13 11:55:00+05:30,1368.9000244140625,1371.6642761230469,0.02115939775079946,2.76,tp,baseline
HCLTECH,2026-08-19,2026-08-19 13:15:00+05:30,1319.199951171875,1319.199951171875,-0.1,0.0,sl,baseline
HDFCBANK,2026-06-10,2026-06-10 13:10:00+05:30,753.8499755859375,753.8499755859375,-0.1,0.0,sl,baseline
HDFCBANK,2026-06-12,2026-06-12 13:30:00+05:30,765.2999877929688,766.6285552978516,0.0041605273284457895,1.33,tp,baseline
HDFCBANK,2026-06-24,2026-06-24 11:05:00+05:30,790.0,790.0,-0.1,0.0,sl,baseline
HDFCBANK,2026-06-25,2026-06-25 11:45:00+05:30,800.2999877929688,803.0428357805524,0.10563648852334301,2.74,tp,baseline
HDFCBANK,2026-07-06,2026-07-06 10:45:00+05:30,825.0,828.8625052315848,0.18090947138798583,3.86,tp,baseline
HDFCLIFE,2026-06-05,2026-06-05 09:25:00+05:30,587.0499877929688,587.0499877929688,-0.1,0.0,sl,baseline
HDFCLIFE,2026-06-15,2026-06-15 14:50:00+05:30,579.25,580.5089220319476,0.030401936843944107,1.26,tp,baseline
HDFCLIFE,2026-06-18,2026-06-18 09:30:00+05:30,589.8499755859375,589.8499755859375,-0.1,0.0,sl,baseline
HDFCLIFE,2026-06-23,2026-06-22 15:25:00+05:30,597.5999755859375,599.239259992327,0.0645867945140593,1.64,tp,baseline
HDFCLIFE,2026-07-24,2026-07-24 11:45:00+05:30,555.0499877929688,555.0499877929688,-0.1,0.0,sl,baseline
HDFCLIFE,2026-08-13,2026-08-13 14:25:00+05:30,538.8499755859375,538.7000122070312,-0.11669815930601263,-0.15,trend,baseline
HDFCLIFE,2026-08-17,2026-08-17 09:35:00+05:30,542.4000244140625,542.4000244140625,-0.1,0.0,sl,baseline
HDFCLIFE,2026-08-20,2026-08-20 12:50:00+05:30,543.0499877929688,541.6856863839286,-0.25073766022000005,-1.36,sl,baseline
HFCL,2026-06-02,2026-06-02 13:15:00+05:30,186.8000030517578,186.8000030517578,-0.1,0.0,sl,baseline
HFCL,2026-06-03,2026-06-03 09:35:00+05:30,194.94000244140625,196.9875041416713,0.5301944212441926,2.05,tp,baseline
HFCL,2026-06-09,2026-06-09 09:20:00+05:30,180.4900054931641,181.20036152430947,0.13614250413625856,0.71,tp,baseline
HFCL,2026-06-16,2026-06-16 14:55:00+05:30,187.8300018310547,189.01178904942105,0.2775074930029555,1.18,tp,baseline
HFCL,2026-06-19,2026-06-18 11:35:00+05:30,199.6300048828125,200.71428843906946,0.22588795163135814,1.08,tp,baseline
HFCL,2026-07-06,2026-07-06 11:30:00+05:30,223.7899932861328,223.7899932861328,-0.1,0.0,sl,baseline
HFCL,2026-07-15,2026-07-15 09:30:00+05:30,221.58999633789065,221.58999633789065,-0.1,0.0,sl,baseline
HFCL,2026-07-16,2026-07-16 12:25:00+05:30,227.4900054931641,225.67999267578125,-0.5773869902879484,-1.81,trend,baseline
HFCL,2026-07-21,2026-07-21 13:40:00+05:30,217.25,218.2924946376256,0.18791566516702263,1.04,tp,baseline
HFCL,2026-08-03,2026-08-03 09:25:00+05:30,203.19000244140625,199.3300018310547,-1.2398200395606573,-3.86,trend,baseline
HFCL,2026-08-07,2026-08-07 12:55:00+05:30,209.9499969482422,211.00642558506556,0.20190864077520462,1.06,tp,baseline
HFCL,2026-08-10,2026-08-10 11:00:00+05:30,215.1499938964844,215.1499938964844,-0.1,0.0,sl,baseline
HFCL,2026-08-12,2026-08-12 12:45:00+05:30,220.3600006103516,221.36713954380585,0.17422552114667567,1.01,tp,baseline
HINDALCO,2026-06-17,2026-06-17 10:35:00+05:30,1003.2000122070312,993.0,-0.7100485695524252,-10.2,trend,baseline
HINDALCO,2026-06-18,2026-06-17 13:55:00+05:30,1008.7999877929688,1006.5999755859376,-0.2308492605265159,-2.2,trend,baseline
HINDALCO,2026-08-05,2026-08-05 14:50:00+05:30,1034.3499755859375,1036.9106924874443,0.048540646509294016,2.56,tp,baseline
HINDALCO,2026-08-07,2026-08-07 15:05:00+05:30,1052.0,1058.0696454729352,0.24617749845638223,6.07,tp,baseline
HINDALCO,2026-08-17,2026-08-17 12:40:00+05:30,1043.0,1046.171425955636,0.08244061106247914,3.17,tp,baseline
HINDPETRO,2026-06-24,2026-06-24 13:30:00+05:30,404.6000061035156,405.85357883998324,0.08589807971681963,1.25,tp,baseline
HINDPETRO,2026-06-24,2026-06-24 14:20:00+05:30,409.7000122070313,409.7000122070313,-0.1,0.0,sl,baseline
HINDPETRO,2026-06-24,2026-06-24 15:00:00+05:30,413.0,413.0,-0.1,0.0,sl,baseline
HINDPETRO,2026-07-02,2026-07-02 10:00:00+05:30,404.6000061035156,404.6000061035156,-0.1,0.0,sl,baseline
HINDPETRO,2026-07-13,2026-07-13 14:10:00+05:30,393.6499938964844,392.25,-0.3133866000037367,-1.4,sl,baseline
HINDPETRO,2026-07-16,2026-07-16 09:40:00+05:30,404.7000122070313,404.7000122070313,-0.1,0.0,sl,baseline
HINDPETRO,2026-07-20,2026-07-20 14:55:00+05:30,406.6000061035156,404.6000061035156,-0.39513034480734704,-2.0,trend,baseline
HINDPETRO,2026-08-13,2026-08-13 13:55:00+05:30,392.0,392.3857084001814,-0.040962999972236847,0.39,tp,baseline
HINDUNILVR,2026-06-10,2026-06-09 14:40:00+05:30,2137.39990234375,2140.8069981166295,-0.00435774505809128,3.41,tp,baseline
HINDUNILVR,2026-07-17,2026-07-17 12:45:00+05:30,2150.800048828125,2136.800048828125,-0.4905523437465415,-14.0,sl,baseline
HINDUNILVR,2026-08-13,2026-08-13 11:40:00+05:30,2071.5,2071.5,-0.1,0.0,sl,baseline
HINDZINC,2026-06-09,2026-06-09 11:45:00+05:30,569.7999877929688,572.0339072091239,0.1352319547925428,2.23,tp,baseline
HINDZINC,2026-06-17,2026-06-17 10:20:00+05:30,568.0,570.4107142857143,0.15465291750503532,2.41,tp,baseline
HINDZINC,2026-06-22,2026-06-22 13:25:00+05:30,568.5499877929688,570.317851475307,0.08656551440982005,1.77,tp,baseline
HINDZINC,2026-07-10,2026-07-10 10:10:00+05:30,542.6500244140625,539.7999877929688,-0.4151242782127728,-2.85,trend,baseline
HINDZINC,2026-07-20,2026-07-20 11:30:00+05:30,528.6500244140625,528.6500244140625,-0.1,0.0,sl,baseline
HINDZINC,2026-07-21,2026-07-21 11:40:00+05:30,533.25,534.8357260567801,0.07842205983461237,1.59,tp,baseline
HINDZINC,2026-08-03,2026-08-03 13:50:00+05:30,549.5,549.5,-0.1,0.0,sl,baseline
HINDZINC,2026-08-04,2026-08-04 09:35:00+05:30,559.7999877929688,559.7999877929688,-0.1,0.0,sl,baseline
HINDZINC,2026-08-05,2026-08-05 12:25:00+05:30,581.25,583.5428728376116,0.1366836477534596,2.29,tp,baseline
HINDZINC,2026-08-05,2026-08-05 14:25:00+05:30,588.0999755859375,590.1464080810547,0.10878414352032033,2.05,tp,baseline
HINDZINC,2026-08-05,2026-08-05 14:50:00+05:30,593.4000244140625,595.4893166678293,0.1112529997783308,2.09,tp,baseline
HINDZINC,2026-08-07,2026-08-07 12:25:00+05:30,602.5499877929688,602.5499877929688,-0.1,0.0,sl,baseline
ICICIBANK,2026-06-12,2026-06-12 14:10:00+05:30,1338.5,1338.5,-0.1,0.0,sl,baseline
ICICIBANK,2026-07-01,2026-07-01 11:50:00+05:30,1380.0999755859375,1382.8749782017298,0.02064354749144253,2.78,tp,baseline
ICICIBANK,2026-07-27,2026-07-27 14:30:00+05:30,1448.300048828125,1443.9286237444196,-0.2810988719047193,-4.37,sl,baseline
ICICIPRULI,2026-06-05,2026-06-05 10:05:00+05:30,488.6499938964844,488.6499938964844,-0.1,0.0,sl,baseline
ICICIPRULI,2026-06-15,2026-06-15 13:50:00+05:30,489.2000122070313,489.2000122070313,-0.1,0.0,sl,baseline
ICICIPRULI,2026-06-17,2026-06-17 15:05:00+05:30,503.5499877929688,504.47142682756703,0.009793155428739582,0.92,tp,baseline
ICICIPRULI,2026-06-18,2026-06-18 10:55:00+05:30,511.7999877929688,513.2089157104492,0.06517326507444296,1.41,tp,baseline
ICICIPRULI,2026-06-18,2026-06-18 12:00:00+05:30,520.0,522.1857070922852,0.1521969721867488,2.19,tp,baseline
ICICIPRULI,2026-07-10,2026-07-10 09:30:00+05:30,499.2999877929688,501.15891374860496,0.12338385753058856,1.86,tp,baseline
ICICIPRULI,2026-07-23,2026-07-23 11:30:00+05:30,500.7000122070313,501.7553765433176,0.02646666393727739,1.06,tp,baseline
ICICIPRULI,2026-08-13,2026-08-13 11:55:00+05:30,507.7999877929688,506.2000122070313,-0.28904792726263084,-1.6,sl,baseline
ICICIPRULI,2026-08-14,2026-08-14 12:15:00+05:30,511.0,511.0,-0.1,0.0,sl,baseline
IDEA,2026-06-03,2026-06-03 13:25:00+05:30,14.779999732971191,14.858213867459979,0.21751340690882676,0.08,tp,baseline
IDEA,2026-06-12,2026-06-12 11:55:00+05:30,14.789999961853027,14.858571018491473,0.17817872947386085,0.07,tp,baseline
IDEA,2026-06-12,2026-06-12 14:25:00+05:30,15.06999969482422,14.949999809265137,-0.5777699588154511,-0.12,sl,baseline
IDEA,2026-06-30,2026-06-30 14:05:00+05:30,14.59000015258789,14.520000457763672,-0.3878671449984979,-0.07,sl,baseline
IDEA,2026-07-01,2026-07-01 12:10:00+05:30,14.699999809265137,14.791070972170148,0.27171903708846773,0.09,tp,baseline
IDEA,2026-07-10,2026-07-10 11:05:00+05:30,14.25,14.25,-0.1,0.0,sl,baseline
IDEA,2026-07-24,2026-07-24 14:45:00+05:30,13.130000114440918,13.130000114440918,-0.1,0.0,sl,baseline
IDEA,2026-08-07,2026-08-07 12:30:00+05:30,12.869999885559082,12.779999732971191,-0.5195811346768211,-0.09,sl,baseline
IDEA,2026-08-14,2026-08-14 10:10:00+05:30,14.0,14.0,-0.1,0.0,sl,baseline
IDEA,2026-08-18,2026-08-18 12:55:00+05:30,13.970000267028809,13.970000267028809,-0.1,0.0,sl,baseline
IDEA,2026-08-18,2026-08-18 14:25:00+05:30,14.270000457763672,14.09000015258789,-0.8568337746388134,-0.18,trend,baseline
IDFCFIRSTB,2026-06-12,2026-06-12 13:35:00+05:30,74.7300033569336,74.91107668195453,0.04538202881330296,0.18,tp,baseline
IDFCFIRSTB,2026-06-12,2026-06-12 14:50:00+05:30,75.58999633789062,75.82999692644391,0.0905018654694516,0.24,tp,baseline
IDFCFIRSTB,2026-06-15,2026-06-15 11:05:00+05:30,78.69000244140625,79.05857249668666,0.18102938913099492,0.37,tp,baseline
IDFCFIRSTB,2026-06-22,2026-06-22 11:15:00+05:30,80.0199966430664,80.0199966430664,-0.1,0.0,sl,baseline
IDFCFIRSTB,2026-07-02,2026-07-02 14:45:00+05:30,79.69000244140625,79.30999755859375,-0.38611233869034445,-0.38,trend,baseline
IDFCFIRSTB,2026-07-03,2026-07-03 14:30:00+05:30,80.9000015258789,81.20428848266602,0.12567635430002191,0.3,tp,baseline
IDFCFIRSTB,2026-08-12,2026-08-12 14:30:00+05:30,85.20999908447266,85.37606757027763,0.01693591427480649,0.17,tp,baseline
IDFCFIRSTB,2026-08-13,2026-08-13 14:15:00+05:30,86.41000366210938,86.57071876525879,0.011594789726796862,0.16,tp,baseline
IEX,2026-06-04,2026-06-04 11:10:00+05:30,125.66000366210938,125.66000366210938,-0.1,0.0,sl,baseline
IEX,2026-06-17,2026-06-17 10:10:00+05:30,124.16999816894533,124.5557131086077,0.08638074189430636,0.39,tp,baseline
IEX,2026-06-22,2026-06-22 10:25:00+05:30,124.86000061035156,125.39678573608398,0.1579457583414041,0.54,tp,baseline
IEX,2026-06-22,2026-06-22 10:50:00+05:30,126.9800033569336,127.50714683532715,0.14908338216614356,0.53,tp,baseline
IEX,2026-06-25,2026-06-25 10:35:00+05:30,126.91999816894533,125.81999969482422,-0.6200118925262896,-1.1,sl,baseline
IEX,2026-07-15,2026-07-15 09:40:00+05:30,120.11000061035156,119.77999877929688,-0.2648498023700351,-0.33,trend,baseline
IEX,2026-07-16,2026-07-16 12:45:00+05:30,122.0199966430664,122.0199966430664,-0.1,0.0,sl,baseline
IEX,2026-07-16,2026-07-16 14:35:00+05:30,124.47000122070312,124.47000122070312,-0.1,0.0,sl,baseline
IEX,2026-07-24,2026-07-24 12:25:00+05:30,125.0199966430664,125.0199966430664,-0.1,0.0,sl,baseline
IEX,2026-07-27,2026-07-27 10:00:00+05:30,127.06999969482422,126.5,-0.3691428485998977,-0.57,trend,baseline
IEX,2026-07-27,2026-07-27 11:30:00+05:30,127.81999969482422,127.02999877929688,-0.4708344159349891,-0.79,sl,baseline
IEX,2026-07-28,2026-07-28 13:00:00+05:30,130.7100067138672,131.28429249354772,0.16361521697616593,0.57,tp,baseline
IGL,2026-06-05,2026-06-05 09:45:00+05:30,164.47999572753906,164.47999572753906,-0.1,0.0,sl,baseline
IGL,2026-06-12,2026-06-12 13:45:00+05:30,163.4199981689453,163.4199981689453,-0.1,0.0,sl,baseline
IGL,2026-06-12,2026-06-12 14:40:00+05:30,165.5500030517578,164.0500030517578,-0.6436423940859864,-1.5,sl,baseline
IGL,2026-06-15,2026-06-15 11:20:00+05:30,168.27999877929688,168.82214137486048,0.09330018997966709,0.54,tp,baseline
IGL,2026-06-17,2026-06-17 11:55:00+05:30,173.38999938964844,171.85000610351562,-0.63290038348939,-1.54,trend,baseline
IGL,2026-06-22,2026-06-22 11:30:00+05:30,170.00999450683594,170.4867831638881,0.06826845684051719,0.48,tp,baseline
IGL,2026-07-07,2026-07-07 14:40:00+05:30,153.25999450683594,152.0,-0.5932772616456296,-1.26,trend,baseline
IGL,2026-07-16,2026-07-16 09:30:00+05:30,156.58999633789062,157.17392458234514,0.1237415894159071,0.58,tp,baseline
IGL,2026-08-03,2026-08-03 09:50:00+05:30,154.97000122070312,154.58999633789062,-0.24712713937634018,-0.38,trend,baseline
IGL,2026-08-03,2026-08-03 15:00:00+05:30,156.25,156.25,-0.1,0.0,sl,baseline
IGL,2026-08-06,2026-08-06 12:45:00+05:30,155.10000610351562,154.77000427246094,-0.2276602777827514,-0.33,trend,baseline
IGL,2026-08-12,2026-08-12 11:55:00+05:30,154.5,154.64999389648438,-0.041749943112864084,0.15,trend,baseline
INDHOTEL,2026-06-19,2026-06-19 12:30:00+05:30,728.0,723.0999755859375,-0.503848165994162,-4.9,sl,baseline
INDHOTEL,2026-07-10,2026-07-10 12:55:00+05:30,742.5,744.0214364188058,0.022944357075217747,1.52,tp,baseline
INDHOTEL,2026-07-10,2026-07-10 14:20:00+05:30,752.4000244140625,752.4000244140625,-0.1,0.0,sl,baseline
INDHOTEL,2026-07-27,2026-07-24 15:10:00+05:30,728.0999755859375,730.0071105957031,0.0571598742244863,1.91,tp,baseline
INDHOTEL,2026-07-28,2026-07-28 11:20:00+05:30,741.1500244140625,737.8499755859375,-0.3671563423937507,-3.3,sl,baseline
INDHOTEL,2026-08-19,2026-08-19 13:25:00+05:30,723.0,724.0607234409878,-0.011973158424251297,1.06,tp,baseline
INDIANB,2026-06-03,2026-06-03 12:30:00+05:30,835.8499755859375,838.4589015415737,0.08727709745811729,2.61,tp,baseline
INDIANB,2026-06-09,2026-06-09 10:55:00+05:30,859.5999755859375,863.398191179548,0.1651151024769278,3.8,tp,baseline
INDIANB,2026-07-09,2026-07-09 14:45:00+05:30,792.4500122070312,794.3732343401227,0.04561590789065703,1.92,tp,baseline
INDIANB,2026-07-10,2026-07-10 12:40:00+05:30,832.0999755859375,836.8892691476004,0.2453402501273095,4.79,tp,baseline
INDIANB,2026-07-20,2026-07-20 13:15:00+05:30,856.4000244140625,852.2999877929688,-0.3872515066004773,-4.1,sl,baseline
INDIANB,2026-07-31,2026-07-31 13:20:00+05:30,836.6500244140625,838.9268297467913,0.06328012427825071,2.28,tp,baseline
INDIANB,2026-08-05,2026-08-05 09:30:00+05:30,862.5999755859375,856.0,-0.559075523260084,-6.6,sl,baseline
INDIANB,2026-08-06,2026-08-06 13:50:00+05:30,865.0999755859375,867.0124860491071,0.03264435444291316,1.91,tp,baseline
INDIANB,2026-08-06,2026-08-06 14:15:00+05:30,872.2000122070312,875.0232304164341,0.09421358655514775,2.82,tp,baseline
INDIANB,2026-08-13,2026-08-13 12:50:00+05:30,898.2000122070312,895.3499755859375,-0.29038320523448147,-2.85,trend,baseline
INDUSINDBK,2026-06-09,2026-06-09 13:10:00+05:30,915.1500244140624,915.1500244140624,-0.1,0.0,sl,baseline
INDUSINDBK,2026-06-09,2026-06-09 14:35:00+05:30,922.7999877929688,925.119626726423,0.05082177920279758,2.32,tp,baseline
INDUSINDBK,2026-06-12,2026-06-12 13:45:00+05:30,908.3499755859376,910.9053301130024,0.06879096795812085,2.56,tp,baseline
INDUSINDBK,2026-06-15,2026-06-15 11:00:00+05:30,952.0,941.7999877929688,-0.7428579122078518,-10.2,trend,baseline
INDUSINDBK,2026-06-24,2026-06-24 13:10:00+05:30,928.7000122070312,931.3732278006418,0.07270693820220894,2.67,tp,baseline
INDUSINDBK,2026-07-03,2026-07-03 09:45:00+05:30,956.0,946.7000122070312,-0.6836812422365324,-9.3,sl,baseline
INDUSINDBK,2026-07-03,2026-07-03 14:15:00+05:30,965.7000122070312,970.2214420863561,0.18092139311408745,4.52,tp,baseline
INDUSINDBK,2026-07-06,2026-07-06 14:35:00+05:30,1008.5999755859376,1008.5999755859376,-0.1,0.0,sl,baseline
INDUSINDBK,2026-07-09,2026-07-09 13:50:00+05:30,1017.0,1015.5,-0.18849557522123894,-1.5,trend,baseline
INDUSINDBK,2026-07-17,2026-07-17 10:20:00+05:30,1025.8499755859375,1025.8499755859375,-0.1,0.0,sl,baseline
INDUSINDBK,2026-07-21,2026-07-21 09:50:00+05:30,1064.699951171875,1064.699951171875,-0.1,0.0,sl,baseline
INDUSINDBK,2026-07-29,2026-07-29 14:10:00+05:30,1012.6500244140624,1012.6500244140624,-0.1,0.0,sl,baseline
INDUSINDBK,2026-08-05,2026-08-05 09:30:00+05:30,1036.300048828125,1031.2286202566963,-0.3936270384526319,-5.07,sl,baseline
INDUSINDBK,2026-08-07,2026-08-07 14:55:00+05:30,1017.0,1019.0142778669085,0.018836452324986108,2.01,tp,baseline
INDUSINDBK,2026-08-11,2026-08-10 14:20:00+05:30,1026.5,1026.5,-0.1,0.0,sl,baseline
INDUSINDBK,2026-08-13,2026-08-13 12:25:00+05:30,1020.2999877929688,1020.2999877929688,-0.1,0.0,sl,baseline
INDUSTOWER,2026-06-11,2026-06-11 11:30:00+05:30,418.2000122070313,417.2999877929688,-0.22912831962572108,-0.9,trend,baseline
INDUSTOWER,2026-07-16,2026-07-16 11:45:00+05:30,413.5,414.6517857142857,0.06712731041630797,1.15,tp,baseline
INDUSTOWER,2026-07-21,2026-07-21 14:05:00+05:30,407.3999938964844,405.7000122070313,-0.3503654955701861,-1.7,sl,baseline
INDUSTOWER,2026-07-29,2026-07-29 14:15:00+05:30,387.9500122070313,387.9500122070313,-0.1,0.0,sl,baseline
INDUSTOWER,2026-07-30,2026-07-30 12:45:00+05:30,396.2999877929688,394.2000122070313,-0.4179372673159731,-2.1,trend,baseline
INDUSTOWER,2026-08-12,2026-08-12 13:25:00+05:30,376.8999938964844,378.1696308680943,0.10211785494886162,1.27,tp,baseline
INDUSTOWER,2026-08-14,2026-08-14 14:10:00+05:30,388.2000122070313,385.5,-0.5173125381961132,-2.7,trend,baseline
INFY,2026-06-15,2026-06-15 11:05:00+05:30,1148.0,1148.0,-0.1,0.0,sl,baseline
INFY,2026-06-22,2026-06-22 14:00:00+05:30,1070.9000244140625,1072.7643258231026,0.004452406379958258,1.86,tp,baseline
INFY,2026-06-22,2026-06-22 14:25:00+05:30,1080.0,1071.5999755859375,-0.5666680230034722,-8.4,sl,baseline
INFY,2026-06-24,2026-06-24 14:15:00+05:30,1064.4000244140625,1056.699951171875,-0.5340514693106824,-7.7,sl,baseline
INFY,2026-07-07,2026-07-07 09:45:00+05:30,1070.5999755859375,1077.3713858468193,0.27949245742374385,6.77,tp,baseline
INFY,2026-07-13,2026-07-13 11:45:00+05:30,1094.5999755859375,1099.9464067731585,0.1930621947634749,5.35,tp,baseline
INFY,2026-07-13,2026-07-13 12:35:00+05:30,1111.4000244140625,1111.4000244140625,-0.1,0.0,sl,baseline
INFY,2026-08-10,2026-08-10 10:20:00+05:30,1193.199951171875,1189.0,-0.3111943350860907,-4.2,trend,baseline
IOC,2026-06-09,2026-06-09 11:50:00+05:30,137.13999938964844,137.13999938964844,-0.1,0.0,sl,baseline
IOC,2026-06-09,2026-06-09 14:35:00+05:30,137.92999267578125,137.92999267578125,-0.1,0.0,sl,baseline
IOC,2026-06-24,2026-06-24 13:40:00+05:30,146.36000061035156,146.36000061035156,-0.1,0.0,sl,baseline
IOC,2026-06-30,2026-06-30 11:50:00+05:30,139.85000610351562,139.32000732421875,-0.3273859518767164,-0.53,trend,baseline
IOC,2026-07-06,2026-07-06 10:50:00+05:30,143.3699951171875,143.3699951171875,-0.1,0.0,sl,baseline
IOC,2026-07-09,2026-07-09 15:00:00+05:30,138.39999389648438,138.19000244140625,-0.19103676199661704,-0.21,trend,baseline
IOC,2026-07-13,2026-07-13 14:55:00+05:30,139.99000549316406,139.99000549316406,-0.1,0.0,sl,baseline
IOC,2026-07-16,2026-07-16 10:15:00+05:30,142.80999755859375,142.10000610351562,-0.3982948535322906,-0.71,trend,baseline
IOC,2026-07-20,2026-07-20 14:55:00+05:30,142.80999755859375,142.38999938964844,-0.2764574649360907,-0.42,sl,baseline
IOC,2026-08-06,2026-08-06 12:00:00+05:30,144.27000427246094,144.61500113351005,0.04347966347775292,0.34,tp,baseline
ITC,2026-06-10,2026-06-10 11:00:00+05:30,283.6000061035156,284.0,-0.015375058982535796,0.4,trend,baseline
ITC,2026-06-16,2026-06-16 14:35:00+05:30,291.5,291.9232155936105,-0.012888728587888735,0.42,tp,baseline
ITC,2026-07-07,2026-07-07 13:50:00+05:30,290.20001220703125,289.04998779296875,-0.33777209490440596,-1.15,trend,baseline
ITC,2026-07-09,2026-07-09 14:15:00+05:30,283.70001220703125,283.70001220703125,-0.1,0.0,sl,baseline
ITC,2026-07-16,2026-07-16 12:40:00+05:30,279.29998779296875,279.792845589774,0.005877082351450299,0.49,tp,baseline
ITC,2026-07-29,2026-07-29 09:30:00+05:30,287.95001220703125,288.8339375087193,0.08418307293959172,0.88,tp,baseline
ITC,2026-08-03,2026-08-03 09:30:00+05:30,290.8500061035156,290.8500061035156,-0.1,0.0,sl,baseline
JSWSTEEL,2026-06-02,2026-06-02 12:50:00+05:30,1311.5999755859375,1311.5999755859375,-0.1,0.0,sl,baseline
JSWSTEEL,2026-06-10,2026-06-10 11:00:00+05:30,1278.300048828125,1284.0429164341517,0.16955491136645728,5.74,tp,baseline
JSWSTEEL,2026-07-09,2026-07-09 13:35:00+05:30,1239.0,1233.5999755859375,-0.3615023929328087,-5.4,trend,baseline
JSWSTEEL,2026-08-17,2026-08-17 15:05:00+05:30,1285.0,1285.0,-0.1,0.0,sl,baseline
JUBLFOOD,2026-06-22,2026-06-22 10:00:00+05:30,426.5499877929688,425.4500122070313,-0.2547263791935288,-1.1,trend,baseline
JUBLFOOD,2026-06-22,2026-06-22 13:15:00+05:30,431.3999938964844,433.2910712105887,0.16301492918770494,1.89,tp,baseline
JUBLFOOD,2026-07-02,2026-07-02 09:40:00+05:30,429.6000061035156,429.6000061035156,-0.1,0.0,sl,baseline
JUBLFOOD,2026-07-02,2026-07-02 13:35:00+05:30,432.25,432.0499877929688,-0.1277634064126584,-0.2,trend,baseline
JUBLFOOD,2026-07-06,2026-07-06 11:30:00+05:30,440.0499877929688,442.59462738037115,0.24695689007943233,2.54,tp,baseline
JUBLFOOD,2026-07-07,2026-07-07 14:40:00+05:30,456.9500122070313,454.25,-0.4545261584290765,-2.7,sl,baseline
JUBLFOOD,2026-07-10,2026-07-10 12:35:00+05:30,439.7999877929688,439.7999877929688,-0.1,0.0,sl,baseline
JUBLFOOD,2026-07-24,2026-07-24 14:00:00+05:30,419.3500061035156,418.0499877929688,-0.28600476331829283,-1.3,trend,baseline
JUBLFOOD,2026-07-27,2026-07-27 12:55:00+05:30,428.2000122070313,427.1499938964844,-0.24713007201493348,-1.05,trend,baseline
JUBLFOOD,2026-08-03,2026-07-31 15:05:00+05:30,438.7000122070313,439.9535849434989,0.07144828378204351,1.25,tp,baseline
JUBLFOOD,2026-08-03,2026-08-03 14:00:00+05:30,467.2000122070313,468.85537065778465,0.11258883657988403,1.66,tp,baseline
JUBLFOOD,2026-08-05,2026-08-05 14:15:00+05:30,492.5,494.57857077462336,0.15322689640081522,2.08,tp,baseline
JUBLFOOD,2026-08-07,2026-08-07 13:40:00+05:30,484.2999877929688,485.6714150565012,0.06990633468097227,1.37,tp,baseline
JUBLFOOD,2026-08-10,2026-08-10 12:30:00+05:30,497.2000122070313,494.5,-0.42582608295355834,-2.7,trend,baseline
JUBLFOOD,2026-08-13,2026-08-13 14:30:00+05:30,498.4500122070313,502.1625115530832,0.3468852549061541,3.71,tp,baseline
JUBLFOOD,2026-08-20,2026-08-20 11:25:00+05:30,508.0,508.0,-0.1,0.0,sl,baseline
JUBLFOOD,2026-08-20,2026-08-20 14:10:00+05:30,509.7999877929688,508.1499938964844,-0.29419308779832676,-1.65,trend,baseline
KALYANKJIL,2026-06-04,2026-06-04 13:20:00+05:30,365.9500122070313,365.9500122070313,-0.1,0.0,sl,baseline
KALYANKJIL,2026-06-05,2026-06-05 11:45:00+05:30,371.3999938964844,373.49464525495256,0.23839279368195132,2.09,tp,baseline
KALYANKJIL,2026-06-12,2026-06-12 13:25:00+05:30,338.1000061035156,339.9964359828404,0.2365447817372989,1.9,tp,baseline
KALYANKJIL,2026-06-12,2026-06-12 13:50:00+05:30,341.04998779296875,342.3196345738002,0.12336551701075428,1.27,tp,baseline
KALYANKJIL,2026-06-15,2026-06-15 10:40:00+05:30,370.2999877929688,374.04463195800787,0.5067476567889044,3.74,tp,baseline
KALYANKJIL,2026-06-15,2026-06-15 11:45:00+05:30,379.2000122070313,379.2000122070313,-0.1,0.0,sl,baseline
KALYANKJIL,2026-06-25,2026-06-24 14:50:00+05:30,377.8999938964844,379.21785300118586,0.10923934257524369,1.32,tp,baseline
KALYANKJIL,2026-06-30,2026-06-30 11:00:00+05:30,387.6000061035156,389.94644056047713,0.2632251424167696,2.35,tp,baseline
KALYANKJIL,2026-07-08,2026-07-08 09:50:00+05:30,376.5,369.0499877929688,-1.2872529413595526,-7.45,sl,baseline
KALYANKJIL,2026-07-08,2026-07-08 13:25:00+05:30,385.1000061035156,385.1000061035156,-0.1,0.0,sl,baseline
KALYANKJIL,2026-07-10,2026-07-10 09:35:00+05:30,472.5499877929688,472.5499877929688,-0.1,0.0,sl,baseline
KALYANKJIL,2026-07-10,2026-07-10 11:55:00+05:30,482.3500061035156,476.1000061035156,-0.87744375506346,-6.25,sl,baseline
KALYANKJIL,2026-07-13,2026-07-13 10:05:00+05:30,504.3500061035156,504.3500061035156,-0.1,0.0,sl,baseline
KALYANKJIL,2026-07-15,2026-07-15 14:25:00+05:30,548.75,543.5999755859375,-0.6631006193052391,-5.15,sl,baseline
KALYANKJIL,2026-07-17,2026-07-17 14:45:00+05:30,574.5499877929688,574.5499877929688,-0.1,0.0,sl,baseline
KALYANKJIL,2026-07-28,2026-07-28 12:00:00+05:30,584.7999877929688,584.7999877929688,-0.1,0.0,sl,baseline
KALYANKJIL,2026-08-06,2026-08-06 14:05:00+05:30,588.4500122070312,591.4446629115513,0.20534291536047572,2.99,tp,baseline
KALYANKJIL,2026-08-07,2026-08-06 14:30:00+05:30,595.2999877929688,600.5071345738003,0.42482582438511096,5.21,tp,baseline
KALYANKJIL,2026-08-07,2026-08-07 09:25:00+05:30,623.9500122070312,619.8499755859375,-0.49426587459381227,-4.1,trend,baseline
LICI,2026-06-03,2026-06-03 14:15:00+05:30,402.3999938964844,402.3999938964844,-0.1,0.0,sl,baseline
LICI,2026-06-09,2026-06-09 14:55:00+05:30,402.6499938964844,403.480347769601,0.023733349415635683,0.83,tp,baseline
LICI,2026-06-17,2026-06-17 11:30:00+05:30,417.0,414.0,-0.5316546762589928,-3.0,sl,baseline
LICI,2026-06-18,2026-06-18 09:25:00+05:30,429.4500122070313,430.9982278006418,0.11630674811076305,1.55,tp,baseline
LICI,2026-06-19,2026-06-19 09:45:00+05:30,441.5,441.5,-0.1,0.0,sl,baseline
LICI,2026-06-19,2026-06-19 10:15:00+05:30,448.5,442.0499877929688,-0.9628778872282532,-6.45,sl,baseline
LICI,2026-07-01,2026-07-01 11:20:00+05:30,439.2000122070313,437.2000122070313,-0.3732240361219163,-2.0,trend,baseline
LICI,2026-07-07,2026-07-07 09:40:00+05:30,435.25,435.25,-0.1,0.0,sl,baseline
LICI,2026-07-09,2026-07-09 11:55:00+05:30,440.7000122070313,437.6000061035156,-0.5220566395708697,-3.1,sl,baseline
LICI,2026-07-10,2026-07-10 13:40:00+05:30,445.5,442.8500061035156,-0.4569015348800505,-2.65,trend,baseline
LICI,2026-07-16,2026-07-16 12:35:00+05:30,440.25,439.5499877929688,-0.19540200436540964,-0.7,trend,baseline
LICI,2026-08-11,2026-08-11 09:25:00+05:30,407.1499938964844,407.1499938964844,-0.1,0.0,sl,baseline
LICI,2026-08-12,2026-08-12 13:40:00+05:30,413.0499877929688,413.0499877929688,-0.1,0.0,sl,baseline
LICI,2026-08-14,2026-08-14 14:35:00+05:30,415.5499877929688,415.5499877929688,-0.1,0.0,sl,baseline
LICI,2026-08-17,2026-08-17 12:15:00+05:30,414.5499877929688,413.7999877929688,-0.20855144451837138,-0.75,trend,baseline
LICI,2026-08-20,2026-08-20 10:15:00+05:30,420.0,422.0249993460519,0.18928562086455905,2.02,tp,baseline
LT,2026-06-12,2026-06-12 13:55:00+05:30,3998.5,3998.5,-0.1,0.0,sl,baseline
LT,2026-06-15,2026-06-15 09:30:00+05:30,4182.0,4182.0,-0.1,0.0,sl,baseline
LT,2026-06-25,2026-06-25 11:50:00+05:30,4240.7001953125,4249.91437639509,0.03036782594687539,9.21,tp,baseline
LT,2026-08-03,2026-08-03 12:15:00+05:30,4008.5,4015.97860281808,0.011941167290709685,7.48,tp,baseline
LTF,2026-06-05,2026-06-05 10:05:00+05:30,274.5,276.1017804827009,0.2501159525029327,1.6,tp,baseline
LTF,2026-06-24,2026-06-24 11:55:00+05:30,293.75,295.12142399379184,0.1801206455404602,1.37,tp,baseline
LTF,2026-06-25,2026-06-25 10:05:00+05:30,304.75,306.7857175554548,0.3007975498844607,2.04,tp,baseline
LTF,2026-06-30,2026-06-30 14:30:00+05:30,309.5,310.3035779680525,0.05578248169030302,0.8,tp,baseline
LTF,2026-07-02,2026-07-02 14:35:00+05:30,315.79998779296875,314.8500061035156,-0.28049051162267513,-0.95,sl,baseline
LTF,2026-07-03,2026-07-03 09:50:00+05:30,326.1000061035156,323.25,-0.624380138026296,-2.85,trend,baseline
LTF,2026-07-03,2026-07-03 12:00:00+05:30,327.45001220703125,327.45001220703125,-0.1,0.0,sl,baseline
LTF,2026-07-06,2026-07-06 11:50:00+05:30,332.0,333.62856946672713,0.19431978314345694,1.63,tp,baseline
LTF,2026-07-27,2026-07-27 12:05:00+05:30,312.29998779296875,311.75,-0.20566528616069307,-0.55,trend,baseline
LTF,2026-07-31,2026-07-31 09:25:00+05:30,313.3999938964844,310.20001220703125,-0.7126321158468322,-3.2,sl,baseline
LTF,2026-07-31,2026-07-31 13:05:00+05:30,313.1499938964844,312.6499938964844,-0.1958007363395219,-0.5,trend,baseline
LTF,2026-08-03,2026-08-03 09:25:00+05:30,322.0,322.0,-0.1,0.0,sl,baseline
LTF,2026-08-18,2026-08-18 12:30:00+05:30,319.29998779296875,319.29998779296875,-0.1,0.0,sl,baseline
LTF,2026-08-18,2026-08-18 13:40:00+05:30,323.3999938964844,323.3999938964844,-0.1,0.0,sl,baseline
M&M,2026-07-06,2026-07-06 11:20:00+05:30,3202.0,3202.0,-0.1,0.0,sl,baseline
M&M,2026-07-28,2026-07-27 14:25:00+05:30,3245.199951171875,3233.800048828125,-0.31077103134369355,-11.4,trend,baseline
M&M,2026-07-31,2026-07-31 10:40:00+05:30,3395.0,3430.314296177455,0.5241112726501649,35.31,tp,baseline
M&M,2026-08-07,2026-08-07 11:55:00+05:30,3473.5,3485.1999162946427,0.10210018070492578,11.7,tp,baseline
M&MFIN,2026-06-03,2026-06-03 15:15:00+05:30,290.3999938964844,290.3999938964844,-0.1,0.0,sl,baseline
M&MFIN,2026-06-12,2026-06-12 14:10:00+05:30,286.0,287.5107182094029,0.21693389008452654,1.51,tp,baseline
M&MFIN,2026-06-15,2026-06-15 09:25:00+05:30,301.04998779296875,303.3642807006836,0.36124424545196326,2.31,tp,baseline
M&MFIN,2026-06-18,2026-06-18 10:05:00+05:30,303.1499938964844,298.70001220703125,-0.980748496595249,-4.45,trend,baseline
M&MFIN,2026-06-24,2026-06-24 11:05:00+05:30,296.1499938964844,297.264272417341,0.12575287060368812,1.11,tp,baseline
M&MFIN,2026-06-24,2026-06-24 12:05:00+05:30,299.1000061035156,300.7607203892299,0.23314227719664848,1.66,tp,baseline
M&MFIN,2026-06-24,2026-06-24 13:35:00+05:30,307.45001220703125,308.8268018450056,0.16868555862289242,1.38,tp,baseline
M&MFIN,2026-06-25,2026-06-25 15:10:00+05:30,328.1499938964844,329.19464002336775,0.09100645673872805,1.04,tp,baseline
M&MFIN,2026-07-03,2026-07-03 10:50:00+05:30,334.6000061035156,331.5,-0.6558887113510522,-3.1,trend,baseline
M&MFIN,2026-07-09,2026-07-09 10:55:00+05:30,338.45001220703125,338.45001220703125,-0.1,0.0,sl,baseline
M&MFIN,2026-07-21,2026-07-21 15:05:00+05:30,345.70001220703125,349.101804460798,0.49041807352835853,3.4,tp,baseline
M&MFIN,2026-07-29,2026-07-29 11:20:00+05:30,383.1499938964844,385.1428549630302,0.21207533837271217,1.99,tp,baseline
M&MFIN,2026-07-29,2026-07-29 14:35:00+05:30,389.75,391.11607469831193,0.11030014598772553,1.37,tp,baseline
MANAPPURAM,2026-06-12,2026-06-12 13:55:00+05:30,303.0,303.0,-0.1,0.0,sl,baseline
MANAPPURAM,2026-06-30,2026-06-30 14:25:00+05:30,323.20001220703125,324.45894731794084,0.13371319245554197,1.26,tp,baseline
MANAPPURAM,2026-07-03,2026-07-03 09:45:00+05:30,334.54998779296875,332.29998779296875,-0.5035271407139991,-2.25,trend,baseline
MANAPPURAM,2026-07-06,2026-07-06 11:00:00+05:30,339.70001220703125,342.6464407784598,0.4204171561170586,2.95,tp,baseline
MANAPPURAM,2026-07-07,2026-07-06 14:50:00+05:30,346.20001220703125,346.20001220703125,-0.1,0.0,sl,baseline
MANAPPURAM,2026-07-08,2026-07-08 12:10:00+05:30,344.0,343.3999938964844,-0.20465222735737645,-0.6,trend,baseline
MANAPPURAM,2026-07-21,2026-07-20 14:25:00+05:30,339.3999938964844,341.167847769601,0.21252573451532994,1.77,tp,baseline
MANAPPURAM,2026-07-27,2026-07-27 13:15:00+05:30,358.8999938964844,357.29998779296875,-0.3674850037434839,-1.6,sl,baseline
MANAPPURAM,2026-07-30,2026-07-30 10:00:00+05:30,379.1499938964844,372.3500061035156,-1.1760893423343084,-6.8,sl,baseline
MARICO,2026-06-18,2026-06-18 11:10:00+05:30,829.8499755859375,824.7999877929688,-0.4651253557779337,-5.05,trend,baseline
MARICO,2026-06-29,2026-06-29 11:40:00+05:30,843.0,840.5,-0.27793594306049824,-2.5,trend,baseline
MARICO,2026-07-27,2026-07-24 14:50:00+05:30,857.3499755859375,860.0392586844308,0.08820433953978153,2.69,tp,baseline
MARICO,2026-07-29,2026-07-28 14:40:00+05:30,884.5499877929688,878.421404157366,-0.5157085786114174,-6.13,sl,baseline
MARICO,2026-08-14,2026-08-14 13:00:00+05:30,865.3499755859375,864.2999877929688,-0.1728020677824224,-1.05,trend,baseline
MAXHEALTH,2026-06-02,2026-06-02 14:45:00+05:30,950.2000122070312,948.0,-0.23891889152398205,-2.2,trend,baseline
MAXHEALTH,2026-06-08,2026-06-08 10:05:00+05:30,995.2999877929688,1001.1285683768136,0.2513662607453349,5.83,tp,baseline
MAXHEALTH,2026-06-08,2026-06-08 14:55:00+05:30,1010.0,1005.25,-0.3821782178217822,-4.75,trend,baseline
MAXHEALTH,2026-06-15,2026-06-15 14:30:00+05:30,1031.800048828125,1028.0,-0.3209758857314032,-3.8,sl,baseline
MAXHEALTH,2026-06-18,2026-06-18 09:35:00+05:30,1046.3499755859375,1051.8839002336774,0.21732736332168534,5.53,tp,baseline
MAXHEALTH,2026-06-18,2026-06-18 10:30:00+05:30,1084.050048828125,1084.050048828125,-0.1,0.0,sl,baseline
MAXHEALTH,2026-06-25,2026-06-25 10:30:00+05:30,1119.800048828125,1126.4053824288505,0.25392034181306117,6.61,tp,baseline
MAXHEALTH,2026-07-03,2026-07-03 12:05:00+05:30,1158.300048828125,1155.800048828125,-0.22950012404105305,-2.5,trend,baseline
MAXHEALTH,2026-07-09,2026-07-09 10:40:00+05:30,1122.4000244140625,1107.0,-0.9232372102148834,-15.4,trend,baseline
MAXHEALTH,2026-07-27,2026-07-27 09:30:00+05:30,1105.5,1100.9000244140625,-0.34965946192333786,-4.6,trend,baseline
MAXHEALTH,2026-07-30,2026-07-30 11:50:00+05:30,1125.4000244140625,1128.4857700892858,0.06451460502659223,3.09,tp,baseline
MAXHEALTH,2026-08-03,2026-08-03 12:05:00+05:30,1110.800048828125,1110.800048828125,-0.1,0.0,sl,baseline
MCX,2026-06-15,2026-06-15 12:35:00+05:30,2872.89990234375,2882.681971958705,0.10429677219818524,9.78,tp,baseline
MCX,2026-06-22,2026-06-22 11:30:00+05:30,2865.10009765625,2860.10009765625,-0.20470838357284976,-5.0,trend,baseline
MCX,2026-07-08,2026-07-08 09:45:00+05:30,2725.39990234375,2725.39990234375,-0.1,0.0,sl,baseline
MCX,2026-07-14,2026-07-14 10:00:00+05:30,2877.0,2877.0,-0.1,0.0,sl,baseline
MCX,2026-07-20,2026-07-20 13:55:00+05:30,2834.89990234375,2834.89990234375,-0.1,0.0,sl,baseline
MCX,2026-07-27,2026-07-27 13:30:00+05:30,2762.39990234375,2753.0,-0.30416817280744934,-9.4,trend,baseline
MCX,2026-08-10,2026-08-10 11:25:00+05:30,2713.10009765625,2727.9393310546875,0.22816850534758926,14.84,tp,baseline
MCX,2026-08-10,2026-08-10 12:55:00+05:30,2776.89990234375,2776.89990234375,-0.1,0.0,sl,baseline
MCX,2026-08-11,2026-08-11 13:10:00+05:30,2859.5,2859.5,-0.1,0.0,sl,baseline
MCX,2026-08-18,2026-08-18 11:50:00+05:30,3038.800048828125,3038.800048828125,-0.1,0.0,sl,baseline
MCX,2026-08-20,2026-08-20 11:20:00+05:30,3088.800048828125,3103.1465192522323,0.17868046226333714,14.35,tp,baseline
NATIONALUM,2026-06-03,2026-06-03 14:35:00+05:30,438.8999938964844,436.8999938964844,-0.3734108035287471,-2.0,sl,baseline
NATIONALUM,2026-07-08,2026-07-08 10:00:00+05:30,352.70001220703125,352.70001220703125,-0.1,0.0,sl,baseline
NATIONALUM,2026-07-14,2026-07-14 11:45:00+05:30,364.8999938964844,363.0499877929688,-0.4041939382504427,-1.85,trend,baseline
NATIONALUM,2026-07-23,2026-07-23 09:25:00+05:30,349.0,350.4357201712472,0.1468286827359128,1.44,tp,baseline
NATIONALUM,2026-07-31,2026-07-31 11:15:00+05:30,355.25,353.3500061035156,-0.42089974324859253,-1.9,trend,baseline
NATIONALUM,2026-08-03,2026-08-03 13:45:00+05:30,365.1000061035156,366.4714300973075,0.12537780950949493,1.37,tp,baseline
NATIONALUM,2026-08-04,2026-08-04 09:35:00+05:30,380.8999938964844,380.8999938964844,-0.1,0.0,sl,baseline
NATIONALUM,2026-08-10,2026-08-10 09:40:00+05:30,385.6000061035156,386.82678985595703,0.09088958501396993,1.23,tp,baseline
NATIONALUM,2026-08-12,2026-08-12 09:25:00+05:30,419.2999877929688,419.2999877929688,-0.1,0.0,sl,baseline
NATIONALUM,2026-08-17,2026-08-17 11:40:00+05:30,390.6499938964844,388.1499938964844,-0.4839754315719955,-2.5,trend,baseline
NAUKRI,2026-06-23,2026-06-23 12:15:00+05:30,1020.4500122070312,1020.4500122070312,-0.1,0.0,sl,baseline
NAUKRI,2026-07-02,2026-07-02 09:35:00+05:30,1038.0,1038.0,-0.1,0.0,sl,baseline
NAUKRI,2026-07-07,2026-07-07 09:35:00+05:30,1048.0,1052.8053676060267,0.1751164659938962,4.81,tp,baseline
NAUKRI,2026-07-07,2026-07-07 10:15:00+05:30,1084.9000244140625,1096.7982439313616,0.5580266890707379,11.9,tp,baseline
NAUKRI,2026-07-15,2026-07-15 10:05:00+05:30,1199.550048828125,1199.550048828125,-0.1,0.0,sl,baseline
NAUKRI,2026-07-28,2026-07-28 09:40:00+05:30,1234.550048828125,1242.8857683454241,0.3051218267843418,8.34,tp,baseline
NAUKRI,2026-08-03,2026-08-03 12:35:00+05:30,1250.0,1253.000013078962,0.04400062779017389,3.0,tp,baseline
NAUKRI,2026-08-13,2026-08-13 12:55:00+05:30,1360.800048828125,1364.2500566755023,0.05211674266244898,3.45,tp,baseline
NAUKRI,2026-08-19,2026-08-19 13:35:00+05:30,1376.699951171875,1376.699951171875,-0.1,0.0,sl,baseline
NESTLEIND,2026-07-20,2026-07-20 11:00:00+05:30,1447.5,1440.5999755859375,-0.3860113746761658,-6.9,trend,baseline
NESTLEIND,2026-07-22,2026-07-22 11:05:00+05:30,1490.5,1497.5714547293526,0.1846610424429083,7.07,tp,baseline
NMDC,2026-06-01,2026-06-01 12:50:00+05:30,90.8499984741211,90.8499984741211,-0.1,0.0,sl,baseline
NMDC,2026-06-02,2026-06-02 09:30:00+05:30,95.25,96.18428502764021,0.4885260016631273,0.93,tp,baseline
NMDC,2026-06-12,2026-06-12 15:00:00+05:30,91.3000030517578,90.80999755859376,-0.4220189332652602,-0.49,sl,baseline
NMDC,2026-06-22,2026-06-22 11:40:00+05:30,89.05000305175781,88.75,-0.30213568207298824,-0.3,sl,baseline
NMDC,2026-06-24,2026-06-24 13:05:00+05:30,86.08999633789062,86.30642373221261,0.050838009196239264,0.22,tp,baseline
NMDC,2026-07-14,2026-07-13 15:20:00+05:30,84.13999938964844,84.37035587855748,0.06426657279299558,0.23,tp,baseline
NMDC,2026-07-29,2026-07-29 09:40:00+05:30,85.19999694824219,85.54499544416156,0.14295669596956798,0.34,tp,baseline
NMDC,2026-08-10,2026-08-10 09:50:00+05:30,86.23999786376953,86.23999786376953,-0.1,0.0,sl,baseline
NMDC,2026-08-20,2026-08-20 11:20:00+05:30,85.01000213623047,84.61000061035156,-0.38232079696073507,-0.4,trend,baseline
NTPC,2026-06-16,2026-06-16 14:30:00+05:30,355.1000061035156,355.1000061035156,-0.1,0.0,sl,baseline
NTPC,2026-06-18,2026-06-18 13:00:00+05:30,361.1000061035156,362.2571509225028,0.09226997498118567,1.16,tp,baseline
NTPC,2026-07-01,2026-07-01 11:05:00+05:30,359.8999938964844,359.8999938964844,-0.1,0.0,sl,baseline
NTPC,2026-07-13,2026-07-13 13:20:00+05:30,349.6499938964844,350.4910561697824,0.04432643294374108,0.84,tp,baseline
NTPC,2026-07-22,2026-07-22 11:35:00+05:30,350.25,348.29998779296875,-0.43404920034796574,-1.95,sl,baseline
NTPC,2026-08-13,2026-08-13 09:35:00+05:30,341.3500061035156,339.3500061035156,-0.4515453284146407,-2.0,sl,baseline
OIL,2026-06-08,2026-06-08 12:00:00+05:30,492.2999877929688,492.2999877929688,-0.1,0.0,sl,baseline
OIL,2026-06-09,2026-06-09 15:05:00+05:30,477.1499938964844,475.5499877929688,-0.30119536296538435,-1.6,trend,baseline
OIL,2026-06-18,2026-06-18 12:15:00+05:30,421.6000061035156,420.0,-0.32770485014501277,-1.6,trend,baseline
OIL,2026-06-23,2026-06-22 15:15:00+05:30,423.7000122070313,421.1000061035156,-0.4681858902914426,-2.6,sl,baseline
OIL,2026-07-03,2026-07-03 10:30:00+05:30,426.7000122070313,422.2999877929688,-0.7187050791919328,-4.4,trend,baseline
OIL,2026-07-06,2026-07-06 13:10:00+05:30,425.2000122070313,426.0035836356027,0.01339201394662138,0.8,tp,baseline
OIL,2026-07-13,2026-07-13 14:45:00+05:30,430.0,431.03393118722096,0.04426946798431969,1.03,tp,baseline
OIL,2026-07-14,2026-07-14 11:05:00+05:30,441.7999877929688,437.9500122070313,-0.622857721907629,-3.85,trend,baseline
OIL,2026-07-20,2026-07-20 11:15:00+05:30,448.5499877929688,452.16605922154025,0.3837014638699042,3.62,tp,baseline
OIL,2026-07-23,2026-07-23 09:20:00+05:30,454.6000061035156,456.34108080182756,0.12979428177774532,1.74,tp,baseline
OIL,2026-07-28,2026-07-28 15:20:00+05:30,445.7999877929688,448.7035631452289,0.2907907714356208,2.9,tp,baseline
OIL,2026-07-30,2026-07-30 09:25:00+05:30,456.2999877929688,456.2999877929688,-0.1,0.0,sl,baseline
OIL,2026-08-13,2026-08-13 11:45:00+05:30,478.1000061035156,479.15536717006137,0.032444390680544125,1.06,tp,baseline
OIL,2026-08-18,2026-08-18 10:10:00+05:30,486.7000122070313,482.8500061035156,-0.5746257662156756,-3.85,trend,baseline
OIL,2026-08-20,2026-08-20 14:00:00+05:30,475.8999938964844,475.8999938964844,-0.1,0.0,sl,baseline
ONGC,2026-07-06,2026-07-06 14:20:00+05:30,244.2700042724609,243.3999938964844,-0.31370050209015965,-0.87,trend,baseline
ONGC,2026-07-13,2026-07-13 09:25:00+05:30,248.5,246.47000122070312,-0.5901405503332495,-2.03,sl,baseline
ONGC,2026-07-13,2026-07-13 14:30:00+05:30,248.97000122070312,247.9900054931641,-0.33617200210485654,-0.98,trend,baseline
ONGC,2026-07-20,2026-07-20 12:15:00+05:30,251.77999877929688,250.75,-0.34545208935354926,-1.03,trend,baseline
ONGC,2026-07-29,2026-07-29 11:50:00+05:30,239.9600067138672,239.5399932861328,-0.2050208574719387,-0.42,trend,baseline
ONGC,2026-08-07,2026-08-07 09:20:00+05:30,240.0,240.46071788242887,0.015179470607216668,0.46,tp,baseline
ONGC,2026-08-11,2026-08-11 09:25:00+05:30,243.1100006103516,242.0214320591518,-0.3686607416725333,-1.09,sl,baseline
ONGC,2026-08-17,2026-08-17 14:35:00+05:30,239.3600006103516,239.1000061035156,-0.16517241966235616,-0.26,trend,baseline
ONGC,2026-08-18,2026-08-18 09:25:00+05:30,240.83999633789065,239.80999755859372,-0.3566015931635899,-1.03,sl,baseline
PETRONET,2026-06-12,2026-06-12 14:15:00+05:30,272.75,273.923218863351,0.15808664271699277,1.17,tp,baseline
PETRONET,2026-06-15,2026-06-15 11:00:00+05:30,289.75,289.75,-0.1,0.0,sl,baseline
PETRONET,2026-07-09,2026-07-09 12:35:00+05:30,278.5,277.3999938964844,-0.3369851569513016,-1.1,trend,baseline
PETRONET,2026-07-28,2026-07-28 14:20:00+05:30,277.45001220703125,277.45001220703125,-0.1,0.0,sl,baseline
PETRONET,2026-07-31,2026-07-31 14:45:00+05:30,280.5,281.20713697160994,0.05125924526415853,0.71,tp,baseline
PETRONET,2026-08-12,2026-08-12 09:30:00+05:30,281.25,280.1499938964844,-0.33466796875,-1.1,trend,baseline
PFC,2026-06-04,2026-06-04 11:45:00+05:30,426.8999938964844,428.7107173374721,0.15449381122644612,1.81,tp,baseline
PFC,2026-06-15,2026-06-15 10:00:00+05:30,432.1499938964844,432.1499938964844,-0.1,0.0,sl,baseline
PFC,2026-06-17,2026-06-17 15:00:00+05:30,432.5,432.5,-0.1,0.0,sl,baseline
PFC,2026-07-14,2026-07-14 14:05:00+05:30,408.5,408.5,-0.1,0.0,sl,baseline
PFC,2026-07-20,2026-07-20 14:35:00+05:30,414.1000061035156,414.1000061035156,-0.1,0.0,sl,baseline
PFC,2026-07-29,2026-07-29 11:35:00+05:30,424.4500122070313,425.9500154767718,0.112039565546132,1.5,tp,baseline
PNB,2026-06-05,2026-06-05 09:50:00+05:30,108.30999755859376,108.30999755859376,-0.1,0.0,sl,baseline
PNB,2026-06-25,2026-06-25 09:45:00+05:30,108.87999725341795,108.38999938964844,-0.3700208722245178,-0.49,sl,baseline
PNB,2026-06-25,2026-06-25 12:10:00+05:30,108.73999786376952,108.33000183105467,-0.3262255144947624,-0.41,sl,baseline
PNB,2026-07-10,2026-07-10 12:40:00+05:30,104.95999908447266,105.17428479875838,0.022495645667792087,0.21,tp,baseline
PNB,2026-07-10,2026-07-10 13:00:00+05:30,106.3499984741211,106.7721415928432,0.1381625527666523,0.42,tp,baseline
PNB,2026-07-20,2026-07-20 09:25:00+05:30,111.1500015258789,111.1500015258789,-0.1,0.0,sl,baseline
PNB,2026-07-31,2026-07-31 13:05:00+05:30,112.8499984741211,112.8499984741211,-0.1,0.0,sl,baseline
PNB,2026-08-03,2026-08-03 09:55:00+05:30,113.9499969482422,114.37106840951103,0.12171380739575471,0.42,tp,baseline
PNB,2026-08-05,2026-08-04 14:20:00+05:30,113.9499969482422,114.08928217206683,-0.02665981875125741,0.14,tp,baseline
PNB,2026-08-05,2026-08-05 09:30:00+05:30,115.12000274658205,114.4499969482422,-0.44920384764831134,-0.67,sl,baseline
PNB,2026-08-07,2026-08-07 14:15:00+05:30,114.93000030517578,115.30606951032367,0.09632952448410435,0.38,tp,baseline
PNB,2026-08-12,2026-08-12 09:25:00+05:30,116.77999877929688,117.17964117867606,0.10533091465490191,0.4,tp,baseline
PNB,2026-08-12,2026-08-12 10:00:00+05:30,118.80999755859376,118.80999755859376,-0.1,0.0,sl,baseline
PNB,2026-08-13,2026-08-13 13:35:00+05:30,118.66000366210938,118.4499969482422,-0.20618913233738564,-0.21,trend,baseline
PNB,2026-08-20,2026-08-20 12:25:00+05:30,118.41000366210938,118.61571775163922,0.004238197703397063,0.21,tp,baseline
RBLBANK,2026-06-03,2026-06-03 14:40:00+05:30,351.25,347.3500061035156,-0.766191128225089,-3.9,sl,baseline
RBLBANK,2026-06-04,2026-06-04 14:15:00+05:30,354.29998779296875,355.76248713902066,0.14767136264873518,1.46,tp,baseline
RBLBANK,2026-06-09,2026-06-09 11:55:00+05:30,355.20001220703125,356.71607971191406,0.15609247513186908,1.52,tp,baseline
RBLBANK,2026-06-09,2026-06-09 14:55:00+05:30,360.6000061035156,361.7357177734375,0.08897032457551074,1.14,tp,baseline
RBLBANK,2026-06-17,2026-06-17 11:50:00+05:30,370.8500061035156,370.1499938964844,-0.21325531004616274,-0.7,trend,baseline
RBLBANK,2026-07-06,2026-07-06 12:30:00+05:30,364.25,363.1499938964844,-0.28119524011238844,-1.1,trend,baseline
RBLBANK,2026-07-06,2026-07-06 14:15:00+05:30,367.8999938964844,367.8999938964844,-0.1,0.0,sl,baseline
RBLBANK,2026-07-10,2026-07-10 10:10:00+05:30,375.1000061035156,375.1000061035156,-0.1,0.0,sl,baseline
RBLBANK,2026-07-17,2026-07-17 14:15:00+05:30,368.5,367.3999938964844,-0.2791054714001017,-1.1,trend,baseline
RBLBANK,2026-07-20,2026-07-20 14:05:00+05:30,372.7999877929688,372.7999877929688,-0.1,0.0,sl,baseline
RBLBANK,2026-07-29,2026-07-29 13:05:00+05:30,368.6000061035156,367.25,-0.3197513968249631,-1.35,trend,baseline
RBLBANK,2026-07-30,2026-07-30 11:10:00+05:30,374.6499938964844,376.36428615025113,0.17454300520934993,1.71,tp,baseline
RBLBANK,2026-07-30,2026-07-30 11:50:00+05:30,380.3999938964844,380.3999938964844,-0.1,0.0,sl,baseline
RBLBANK,2026-08-03,2026-08-03 11:55:00+05:30,379.3999938964844,378.3500061035156,-0.26604973271379057,-1.05,trend,baseline
RBLBANK,2026-08-04,2026-08-04 11:10:00+05:30,383.25,383.25,-0.1,0.0,sl,baseline
RBLBANK,2026-08-18,2026-08-18 14:10:00+05:30,384.1499938964844,382.9500034877232,-0.2874252913435438,-1.2,sl,baseline
RBLBANK,2026-08-20,2026-08-20 09:45:00+05:30,387.4500122070313,387.4500122070313,-0.1,0.0,sl,baseline
RBLBANK,2026-08-20,2026-08-20 11:45:00+05:30,391.0,391.9535805838449,0.04632950135727092,0.95,tp,baseline
RECLTD,2026-06-12,2026-06-12 13:45:00+05:30,345.1499938964844,345.89999716622486,0.03037866718875147,0.75,tp,baseline
RECLTD,2026-06-17,2026-06-17 13:20:00+05:30,358.8500061035156,358.8500061035156,-0.1,0.0,sl,baseline
RECLTD,2026-06-22,2026-06-22 10:25:00+05:30,366.4500122070313,366.4500122070313,-0.1,0.0,sl,baseline
RECLTD,2026-06-23,2026-06-22 15:00:00+05:30,370.2000122070313,368.3999938964844,-0.39173715578490353,-1.8,sl,baseline
RECLTD,2026-07-29,2026-07-29 11:35:00+05:30,373.4500122070313,374.56965637207037,0.07988659179665948,1.12,tp,baseline
RECLTD,2026-08-12,2026-08-12 15:00:00+05:30,346.5,346.5,-0.1,0.0,sl,baseline
RELIANCE,2026-07-06,2026-07-06 10:55:00+05:30,1322.699951171875,1322.699951171875,-0.1,0.0,sl,baseline
RELIANCE,2026-07-29,2026-07-29 13:50:00+05:30,1280.5999755859375,1277.199951171875,-0.2593014748812636,-3.4,trend,baseline
RELIANCE,2026-07-30,2026-07-30 12:30:00+05:30,1292.800048828125,1295.4036516462054,0.020835522265355327,2.6,tp,baseline
RELIANCE,2026-07-31,2026-07-31 14:45:00+05:30,1303.5,1304.8499973842077,-0.03785972915039566,1.35,tp,baseline
RELIANCE,2026-08-07,2026-08-07 11:25:00+05:30,1331.800048828125,1335.0143345424108,0.04480938262980635,3.21,tp,baseline
RELIANCE,2026-08-12,2026-08-12 14:45:00+05:30,1318.300048828125,1320.560747419085,0.002891534880978836,2.26,tp,baseline
RELIANCE,2026-08-20,2026-08-20 12:45:00+05:30,1314.0,1315.4464416503906,-0.0339524360552226,1.45,tp,baseline
SBICARD,2026-06-12,2026-06-12 14:30:00+05:30,584.7000122070312,586.6875305175781,0.10395261868164271,1.99,tp,baseline
SBICARD,2026-06-15,2026-06-12 15:05:00+05:30,590.0499877929688,592.4553527832031,0.1445926657059788,2.41,tp,baseline
SBICARD,2026-06-15,2026-06-15 12:25:00+05:30,607.5499877929688,607.5499877929688,-0.1,0.0,sl,baseline
SBICARD,2026-06-16,2026-06-16 13:10:00+05:30,616.0,618.6946454729352,0.16246546814304239,2.69,tp,baseline
SBICARD,2026-06-16,2026-06-16 13:35:00+05:30,623.7000122070312,625.6982291085379,0.0922286543913093,2.0,tp,baseline
SBICARD,2026-06-22,2026-06-22 10:55:00+05:30,629.9500122070312,627.2000122070312,-0.3619255445712623,-2.75,trend,baseline
SBICARD,2026-06-25,2026-06-25 09:30:00+05:30,621.25,621.25,-0.1,0.0,sl,baseline
SBICARD,2026-07-02,2026-07-02 10:35:00+05:30,607.9500122070312,607.9500122070312,-0.1,0.0,sl,baseline
SBICARD,2026-07-10,2026-07-10 11:50:00+05:30,608.4500122070312,608.4500122070312,-0.1,0.0,sl,baseline
SBICARD,2026-07-10,2026-07-10 15:05:00+05:30,612.5999755859375,610.2570887974331,-0.32946982192712293,-2.34,sl,baseline
SBICARD,2026-07-14,2026-07-14 09:25:00+05:30,631.9000244140625,619.0499877929688,-1.3201331974635493,-12.85,trend,baseline
SBICARD,2026-07-21,2026-07-21 14:50:00+05:30,645.4500122070312,645.4500122070312,-0.1,0.0,sl,baseline
SBICARD,2026-07-28,2026-07-28 09:25:00+05:30,661.0,664.3589259556362,0.20489494302295394,3.36,tp,baseline
SBICARD,2026-07-31,2026-07-31 10:00:00+05:30,664.7000122070312,661.5499877929688,-0.3843409980032956,-3.15,trend,baseline
SBIN,2026-06-09,2026-06-09 12:45:00+05:30,1001.9000244140624,1005.4357517787387,0.11174132818755506,3.54,tp,baseline
SBIN,2026-06-18,2026-06-18 11:35:00+05:30,1036.75,1039.5303519112724,0.06090775469143488,2.78,tp,baseline
SBIN,2026-07-01,2026-07-01 14:55:00+05:30,1049.0,1044.5999755859375,-0.3516696519006196,-4.4,sl,baseline
SBIN,2026-07-21,2026-07-20 14:10:00+05:30,1061.5999755859375,1064.7821393694196,0.07985100923117971,3.18,tp,baseline
SBIN,2026-07-30,2026-07-30 12:45:00+05:30,1026.300048828125,1026.300048828125,-0.1,0.0,sl,baseline
SBIN,2026-08-06,2026-08-06 09:35:00+05:30,1063.5,1060.0,-0.29746121297602257,-3.5,trend,baseline
SBIN,2026-08-12,2026-08-12 09:25:00+05:30,1080.5,1080.5,-0.1,0.0,sl,baseline
SHRIRAMFIN,2026-06-05,2026-06-05 10:05:00+05:30,939.5,944.6482064383371,0.22878380659949354,5.15,tp,baseline
SHRIRAMFIN,2026-06-12,2026-06-12 13:35:00+05:30,923.75,926.4928676060268,0.07815648861879301,2.74,tp,baseline
SHRIRAMFIN,2026-06-12,2026-06-12 13:55:00+05:30,936.6500244140624,936.6500244140624,-0.1,0.0,sl,baseline
SHRIRAMFIN,2026-06-24,2026-06-24 12:40:00+05:30,1023.75,1027.5749947684153,0.12417551756280197,3.82,tp,baseline
SHRIRAMFIN,2026-07-02,2026-07-02 10:55:00+05:30,1063.5999755859375,1063.5999755859375,-0.1,0.0,sl,baseline
SHRIRAMFIN,2026-08-05,2026-08-05 14:45:00+05:30,1112.800048828125,1116.3893476213727,0.09352796382571574,3.59,tp,baseline
SHRIRAMFIN,2026-08-06,2026-08-06 09:40:00+05:30,1143.9000244140625,1150.2642996651787,0.23381983295486652,6.36,tp,baseline
SHRIRAMFIN,2026-08-10,2026-08-10 14:05:00+05:30,1137.699951171875,1133.0,-0.347865942177489,-4.7,sl,baseline
SHRIRAMFIN,2026-08-13,2026-08-13 09:50:00+05:30,1140.5,1145.7178649902344,0.17450407664538575,5.22,tp,baseline
SHRIRAMFIN,2026-08-20,2026-08-20 09:25:00+05:30,1133.0,1130.300048828125,-0.2429806445829656,-2.7,trend,baseline
SUNPHARMA,2026-06-19,2026-06-19 12:30:00+05:30,1834.4000244140625,1834.4000244140625,-0.1,0.0,sl,baseline
SUNPHARMA,2026-06-22,2026-06-22 12:40:00+05:30,1856.4000244140625,1856.4000244140625,-0.1,0.0,sl,baseline
SUNPHARMA,2026-06-22,2026-06-22 13:10:00+05:30,1861.5,1856.3000313895088,-0.26760575698601674,-5.2,sl,baseline
SUNPHARMA,2026-07-09,2026-07-09 14:25:00+05:30,1942.300048828125,1936.4000244140625,-0.2822588971551201,-5.9,sl,baseline
SUNPHARMA,2026-07-14,2026-07-14 12:10:00+05:30,1947.4000244140625,1945.199951171875,-0.1677849403699005,-2.2,trend,baseline
SUNPHARMA,2026-07-31,2026-07-31 11:50:00+05:30,2022.800048828125,2027.0643266950335,0.026486388094926684,4.26,tp,baseline
TATAPOWER,2026-06-10,2026-06-10 12:15:00+05:30,402.4500122070313,400.2999877929688,-0.4205403427280507,-2.15,trend,baseline
TATAPOWER,2026-07-20,2026-07-20 13:10:00+05:30,383.6499938964844,383.6499938964844,-0.1,0.0,sl,baseline
TATAPOWER,2026-07-29,2026-07-29 13:10:00+05:30,376.2999877929688,377.17855725969594,0.040085489539345355,0.88,tp,baseline
TATAPOWER,2026-07-31,2026-07-31 13:00:00+05:30,380.1499938964844,379.4500122070313,-0.21047981597132545,-0.7,trend,baseline
TATAPOWER,2026-08-07,2026-08-07 14:40:00+05:30,381.4500122070313,381.4500122070313,-0.1,0.0,sl,baseline
TATAPOWER,2026-08-13,2026-08-13 11:20:00+05:30,379.8500061035156,380.85715484619146,0.05908628034635957,1.01,tp,baseline
TATAPOWER,2026-08-17,2026-08-17 15:00:00+05:30,382.1000061035156,381.6000061035156,-0.1785134768929384,-0.5,trend,baseline
TATASTEEL,2026-06-02,2026-06-02 09:35:00+05:30,212.8500061035156,212.8500061035156,-0.1,0.0,sl,baseline
TATASTEEL,2026-07-31,2026-07-31 13:05:00+05:30,189.17999267578125,189.7553492954799,0.08247911258291622,0.58,tp,baseline
TATASTEEL,2026-07-31,2026-07-31 13:40:00+05:30,191.1999969482422,190.22999572753903,-0.40439369336362463,-0.97,trend,baseline
TATASTEEL,2026-08-18,2026-08-18 09:20:00+05:30,186.6999969482422,186.6999969482422,-0.1,0.0,sl,baseline
TATATECH,2026-06-02,2026-06-02 10:55:00+05:30,735.8499755859375,731.4500122070312,-0.45876579668859896,-4.4,trend,baseline
TATATECH,2026-06-03,2026-06-03 14:50:00+05:30,726.9000244140625,729.2410801478794,0.09323612506718405,2.34,tp,baseline
TATATECH,2026-06-05,2026-06-05 09:35:00+05:30,767.2000122070312,767.2000122070312,-0.1,0.0,sl,baseline
TATATECH,2026-06-10,2026-06-10 13:20:00+05:30,756.0,758.817868913923,0.12364038999388947,2.82,tp,baseline
TATATECH,2026-06-12,2026-06-12 14:00:00+05:30,759.6500244140625,761.9160853794643,0.07898197005783329,2.27,tp,baseline
TATATECH,2026-06-15,2026-06-15 09:50:00+05:30,768.0,771.1928558349609,0.14944186210632324,3.19,tp,baseline
TATATECH,2026-06-23,2026-06-23 10:45:00+05:30,760.4500122070312,760.4500122070312,-0.1,0.0,sl,baseline
TATATECH,2026-06-24,2026-06-24 15:00:00+05:30,750.7999877929688,748.1714128766741,-0.3100619306631715,-2.63,sl,baseline
TATATECH,2026-07-02,2026-07-02 11:10:00+05:30,709.5499877929688,719.1714346749442,0.7135956914243025,9.62,tp,baseline
TATATECH,2026-07-13,2026-07-13 13:20:00+05:30,760.75,759.0,-0.23802168912257643,-1.75,trend,baseline
TATATECH,2026-07-16,2026-07-16 11:55:00+05:30,764.0999755859375,767.1588897705078,0.1401974308839338,3.06,tp,baseline
TATATECH,2026-07-27,2026-07-24 14:35:00+05:30,712.7000122070312,714.8053719656808,0.07724369770640498,2.11,tp,baseline
TATATECH,2026-07-28,2026-07-28 09:50:00+05:30,745.5499877929688,751.0464215959821,0.342339257702972,5.5,tp,baseline
TATATECH,2026-08-03,2026-08-03 12:40:00+05:30,765.8499755859375,765.8499755859375,-0.1,0.0,sl,baseline
TATATECH,2026-08-06,2026-08-06 09:45:00+05:30,787.4500122070312,794.4142979213169,0.4306459284773999,6.96,tp,baseline
TATATECH,2026-08-07,2026-08-07 10:15:00+05:30,825.2000122070312,832.8821563720703,0.458565975622772,7.68,tp,baseline
TATATECH,2026-08-07,2026-08-07 12:55:00+05:30,867.0,872.8607352120536,0.3055872119068204,5.86,tp,baseline
TATATECH,2026-08-13,2026-08-13 12:25:00+05:30,864.9000244140625,867.1339699881418,0.054973674021526725,2.23,tp,baseline
TATATECH,2026-08-13,2026-08-13 14:40:00+05:30,870.0,866.5,-0.3413793103448276,-3.5,sl,baseline
TATATECH,2026-08-14,2026-08-14 15:05:00+05:30,867.0,867.0,-0.1,0.0,sl,baseline
TATATECH,2026-08-20,2026-08-20 11:55:00+05:30,828.1500244140625,831.3321816580636,0.13054933165661067,3.18,tp,baseline
TCS,2026-06-24,2026-06-24 14:10:00+05:30,2118.0,2109.0,-0.35495750708215296,-9.0,trend,baseline
TCS,2026-07-02,2026-07-02 13:50:00+05:30,2069.699951171875,2062.300048828125,-0.314521018070087,-7.4,sl,baseline
TCS,2026-07-13,2026-07-13 09:40:00+05:30,2114.10009765625,2127.5250505719864,0.28101184321271316,13.42,tp,baseline
TCS,2026-07-13,2026-07-13 12:10:00+05:30,2193.5,2193.5,-0.1,0.0,sl,baseline
TCS,2026-07-16,2026-07-16 11:55:00+05:30,2228.60009765625,2217.0,-0.4123063039021527,-11.6,sl,baseline
TCS,2026-07-17,2026-07-17 12:20:00+05:30,2263.60009765625,2270.8751133510045,0.09283483073588325,7.28,tp,baseline
TCS,2026-07-23,2026-07-23 12:00:00+05:30,2230.0,2236.5678100585938,0.0767123782581278,6.57,tp,baseline
TCS,2026-07-27,2026-07-27 09:30:00+05:30,2300.800048828125,2310.0036097935267,0.14000940812104218,9.2,tp,baseline
TCS,2026-08-07,2026-08-07 13:30:00+05:30,2447.0,2447.0,-0.1,0.0,sl,baseline
TCS,2026-08-13,2026-08-13 11:50:00+05:30,2360.0,2364.8749476841517,0.023939347902162386,4.87,tp,baseline
TECHM,2026-07-02,2026-07-02 13:25:00+05:30,1417.4000244140625,1417.4000244140625,-0.1,0.0,sl,baseline
TECHM,2026-07-07,2026-07-07 11:10:00+05:30,1459.9000244140625,1450.0999755859375,-0.5027693128668161,-9.8,trend,baseline
TECHM,2026-07-13,2026-07-13 11:00:00+05:30,1486.0,1493.499986921038,0.2028258514551027,7.5,tp,baseline
TECHM,2026-07-16,2026-07-16 09:55:00+05:30,1524.0999755859375,1531.2678484235491,0.18218120670946003,7.17,tp,baseline
TECHM,2026-07-28,2026-07-28 14:45:00+05:30,1640.0,1640.0,-0.1,0.0,sl,baseline
TECHM,2026-08-13,2026-08-13 11:55:00+05:30,1646.199951171875,1648.2892368861608,-0.023850597390730602,2.09,tp,baseline
UNIONBANK,2026-06-05,2026-06-05 09:50:00+05:30,168.9600067138672,168.9600067138672,-0.1,0.0,sl,baseline
UNIONBANK,2026-06-17,2026-06-17 13:05:00+05:30,172.89999389648438,172.52000427246094,-0.23186453583715158,-0.38,trend,baseline
UNIONBANK,2026-06-18,2026-06-18 09:35:00+05:30,176.24000549316406,176.24000549316406,-0.1,0.0,sl,baseline
UNIONBANK,2026-06-18,2026-06-18 11:40:00+05:30,177.17999267578125,176.14999389648438,-0.4487974337537035,-1.03,sl,baseline
UNIONBANK,2026-07-10,2026-07-10 13:00:00+05:30,162.41000366210938,163.26714651925224,0.21665888965539176,0.86,tp,baseline
UNIONBANK,2026-07-13,2026-07-13 09:40:00+05:30,167.55999755859375,168.6517835344587,0.2909474785531075,1.09,tp,baseline
UNIONBANK,2026-07-31,2026-07-31 13:25:00+05:30,172.38999938964844,171.89999389648438,-0.2705454474965858,-0.49,trend,baseline
UNIONBANK,2026-08-03,2026-08-03 09:40:00+05:30,174.99000549316406,174.99000549316406,-0.1,0.0,sl,baseline
UNIONBANK,2026-08-05,2026-08-05 09:30:00+05:30,177.60000610351562,177.60000610351562,-0.1,0.0,sl,baseline
UNIONBANK,2026-08-06,2026-08-06 12:20:00+05:30,178.66000366210938,178.66000366210938,-0.1,0.0,sl,baseline
UNIONBANK,2026-08-06,2026-08-06 13:15:00+05:30,179.3800048828125,179.8985710144043,0.07345282109806114,0.52,tp,baseline
UNIONBANK,2026-08-06,2026-08-06 14:45:00+05:30,181.8000030517578,182.4471435546875,0.11357772015398114,0.65,tp,baseline
UNIONBANK,2026-08-11,2026-08-11 13:30:00+05:30,184.52999877929688,183.82000732421875,-0.3308539943992396,-0.71,sl,baseline
UNIONBANK,2026-08-12,2026-08-12 09:40:00+05:30,187.00999450683597,187.00999450683597,-0.1,0.0,sl,baseline
UPL,2026-07-02,2026-07-02 10:00:00+05:30,581.6500244140625,584.4892970493862,0.19288464019413507,2.84,tp,baseline
UPL,2026-07-03,2026-07-03 09:45:00+05:30,604.4500122070312,607.5678798130581,0.20949136005234403,3.12,tp,baseline
UPL,2026-07-16,2026-07-16 12:25:00+05:30,618.5999755859375,620.2606964111328,0.061078650896060446,1.66,tp,baseline
UPL,2026-07-29,2026-07-29 14:20:00+05:30,610.3499755859375,609.5499877929688,-0.17864220446973164,-0.8,trend,baseline
UPL,2026-08-03,2026-08-03 09:40:00+05:30,621.2999877929688,618.75,-0.3462566724355189,-2.55,trend,baseline
UPL,2026-08-17,2026-08-17 14:50:00+05:30,568.4000244140625,567.0999755859375,-0.23723245309130594,-1.3,trend,baseline
VEDL,2026-07-21,2026-07-21 14:25:00+05:30,265.6499938964844,265.3500061035156,-0.1677555730911809,-0.3,trend,baseline
VEDL,2026-07-23,2026-07-23 09:25:00+05:30,266.29998779296875,267.076783316476,0.07501965282352666,0.78,tp,baseline
VEDL,2026-08-05,2026-08-05 14:55:00+05:30,273.79998779296875,274.65713391985213,0.08783334516395261,0.86,tp,baseline
VEDL,2026-08-07,2026-08-07 15:05:00+05:30,277.54998779296875,278.49819619315014,0.10498110795566186,0.95,tp,baseline
WIPRO,2026-07-13,2026-07-13 12:00:00+05:30,178.72999572753906,178.72999572753906,-0.1,0.0,sl,baseline
WIPRO,2026-07-27,2026-07-27 13:40:00+05:30,178.1999969482422,178.1999969482422,-0.1,0.0,sl,baseline
WIPRO,2026-07-30,2026-07-30 10:35:00+05:30,191.0,189.0399932861328,-0.7157089153509489,-1.96,trend,baseline
YESBANK,2026-06-12,2026-06-12 12:25:00+05:30,22.75,22.75,-0.1,0.0,sl,baseline
YESBANK,2026-06-15,2026-06-12 14:40:00+05:30,23.020000457763672,23.100357396262037,0.10944466611753954,0.08,tp,baseline
YESBANK,2026-06-16,2026-06-16 10:00:00+05:30,24.34000015258789,24.34000015258789,-0.1,0.0,sl,baseline
YESBANK,2026-06-17,2026-06-17 10:10:00+05:30,24.81999969482422,25.008571556636266,0.3558546272295978,0.19,tp,baseline
YESBANK,2026-07-21,2026-07-21 12:30:00+05:30,23.290000915527344,23.239999771118164,-0.22881359152505004,-0.05,trend,baseline
YESBANK,2026-07-31,2026-07-31 11:35:00+05:30,22.729999542236328,22.729999542236328,-0.1,0.0,sl,baseline
YESBANK,2026-08-11,2026-08-10 15:05:00+05:30,22.709999084472656,22.709999084472656,-0.1,0.0,sl,baseline
ZEEL,2026-05-29,2026-05-29 14:35:00+05:30,95.12000274658205,95.12000274658205,-0.1,0.0,sl,baseline
ZEEL,2026-06-01,2026-06-01 10:10:00+05:30,97.45999908447266,98.66428538731166,0.6414034357594464,1.2,tp,baseline
ZEEL,2026-06-04,2026-06-04 15:00:00+05:30,101.37999725341795,102.10106658935545,0.326752429753014,0.72,tp,baseline
ZEEL,2026-06-18,2026-06-18 10:40:00+05:30,113.91000366210938,112.4499969482422,-0.8690316918247059,-1.46,trend,baseline
ZEEL,2026-06-19,2026-06-19 10:15:00+05:30,116.4000015258789,117.68250329153878,0.5610833756946667,1.28,tp,baseline
ZEEL,2026-07-01,2026-07-01 09:45:00+05:30,110.05999755859376,110.05999755859376,-0.1,0.0,sl,baseline
ZEEL,2026-07-09,2026-07-09 14:15:00+05:30,101.0999984741211,101.0999984741211,-0.1,0.0,sl,baseline
ZEEL,2026-07-13,2026-07-13 14:05:00+05:30,100.54000091552734,100.54000091552734,-0.1,0.0,sl,baseline
ZEEL,2026-07-14,2026-07-13 15:00:00+05:30,101.56999969482422,100.25,-0.8797576245684382,-1.32,sl,baseline
ZEEL,2026-07-14,2026-07-14 09:30:00+05:30,103.16999816894533,103.16999816894533,-0.1,0.0,sl,baseline
ZEEL,2026-07-14,2026-07-14 10:20:00+05:30,105.08999633789062,104.5999984741211,-0.37975899562926935,-0.49,trend,baseline
ZEEL,2026-07-21,2026-07-21 09:30:00+05:30,108.51000213623048,109.02964891706195,0.1873357868958846,0.52,tp,baseline
ZEEL,2026-07-27,2026-07-27 13:05:00+05:30,108.66000366210938,109.06821768624442,0.1254080675743965,0.41,tp,baseline
ZEEL,2026-07-30,2026-07-30 12:35:00+05:30,110.1999969482422,110.1999969482422,-0.1,0.0,sl,baseline
ZEEL,2026-07-30,2026-07-30 15:05:00+05:30,111.73999786376952,112.20606749398367,0.1502611271475252,0.47,tp,baseline
ZEEL,2026-07-31,2026-07-31 09:30:00+05:30,115.37999725341795,115.37999725341795,-0.1,0.0,sl,baseline
ZEEL,2026-07-31,2026-07-31 12:10:00+05:30,116.4000015258789,116.4000015258789,-0.1,0.0,sl,baseline
ZEEL,2026-08-07,2026-08-07 10:00:00+05:30,94.3000030517578,94.96750177655899,0.3247075524068601,0.67,tp,baseline
ZEEL,2026-08-12,2026-08-12 15:05:00+05:30,97.63999938964844,97.63999938964844,-0.1,0.0,sl,baseline
ZEEL,2026-08-14,2026-08-14 11:35:00+05:30,104.16999816894533,102.4800033569336,-1.0734058798412531,-1.69,trend,baseline
ZEEL,2026-08-17,2026-08-17 13:55:00+05:30,105.77999877929688,106.62214251926966,0.3776765454856142,0.84,tp,baseline
ZEEL,2026-08-20,2026-08-20 10:50:00+05:30,106.3499984741211,106.3499984741211,-0.1,0.0,sl,baseline
ZEEL,2026-08-20,2026-08-20 12:15:00+05:30,108.37999725341795,108.96607044764927,0.22445462765289104,0.59,tp,baseline
